Date;Interest Rate
1973/07/02;10
1973/07/03;13
1973/07/04;13
1973/07/05;9,75
1973/07/06;9,63
1973/07/09;9,75
1973/07/10;9,5
1973/07/11;8,75
1973/07/12;9,75
1973/07/13;9,69
1973/07/16;11
1973/07/17;11,75
1973/07/18;10
1973/07/19;10,8
1973/07/20;10,66
1973/07/23;10,81
1973/07/24;10,69
1973/07/25;9,8
1973/07/26;10,69
1973/07/27;10,74
1973/07/30;11,1
1973/07/31;11,22
1973/08/01;8,74
1973/08/02;10,84
1973/08/03;10,71
1973/08/06;10,56
1973/08/07;10,13
1973/08/08;9,05
1973/08/09;10,5
1973/08/10;10,52
1973/08/13;10,54
1973/08/14;10,39
1973/08/15;9,73
1973/08/16;10,49
1973/08/17;10,44
1973/08/20;10,58
1973/08/21;10,74
1973/08/22;10,48
1973/08/23;10,79
1973/08/24;10,84
1973/08/27;10,77
1973/08/28;10,55
1973/08/29;10,88
1973/08/30;10,86
1973/08/31;11,22
1973/09/03;11,22
1973/09/04;10,85
1973/09/05;8,96
1973/09/06;10,73
1973/09/07;10,79
1973/09/10;11,15
1973/09/11;10,92
1973/09/12;10,03
1973/09/13;10,93
1973/09/14;10,82
1973/09/17;10,84
1973/09/18;10,68
1973/09/19;10,71
1973/09/20;10,79
1973/09/21;10,74
1973/09/24;10,69
1973/09/25;10,54
1973/09/26;11,63
1973/09/27;10,92
1973/09/28;10,82
1973/10/01;10,9
1973/10/02;10,73
1973/10/03;10,04
1973/10/04;10,8
1973/10/05;10,62
1973/10/08;10,62
1973/10/09;9,31
1973/10/10;6,48
1973/10/11;10,08
1973/10/12;10,09
1973/10/15;10
1973/10/16;10,1
1973/10/17;10,02
1973/10/18;10,01
1973/10/19;9,85
1973/10/22;9,85
1973/10/23;9,86
1973/10/24;10,56
1973/10/25;9,81
1973/10/26;9,7
1973/10/29;9,8
1973/10/30;9,95
1973/10/31;10,61
1973/11/01;9,88
1973/11/02;9,71
1973/11/05;9,73
1973/11/06;9,76
1973/11/07;9,45
1973/11/08;9,77
1973/11/09;9,75
1973/11/12;9,78
1973/11/13;10,04
1973/11/14;11,39
1973/11/15;10
1973/11/16;10,19
1973/11/19;10,84
1973/11/20;10,77
1973/11/21;9,44
1973/11/22;9,44
1973/11/23;10,17
1973/11/26;10,15
1973/11/27;10,25
1973/11/28;10,26
1973/11/29;10,26
1973/11/30;10,34
1973/12/03;10,45
1973/12/04;10,4
1973/12/05;9,07
1973/12/06;10,24
1973/12/07;10,27
1973/12/10;10,26
1973/12/11;10,16
1973/12/12;8,84
1973/12/13;10
1973/12/14;10,09
1973/12/17;10,44
1973/12/18;10,32
1973/12/19;10,22
1973/12/20;10,13
1973/12/21;10,01
1973/12/24;9,66
1973/12/25;9,66
1973/12/26;7,19
1973/12/27;9,87
1973/12/28;9,95
1973/12/31;9,83
1974/01/01;9,83
1974/01/02;9,72
1974/01/03;9,8
1974/01/04;9,84
1974/01/07;9,76
1974/01/08;9,56
1974/01/09;9,7
1974/01/10;9,69
1974/01/11;9,75
1974/01/14;9,76
1974/01/15;9,82
1974/01/16;9,89
1974/01/17;9,7
1974/01/18;9,62
1974/01/21;9,58
1974/01/22;9,46
1974/01/23;9,58
1974/01/24;9,47
1974/01/25;9,5
1974/01/28;9,48
1974/01/29;9,28
1974/01/30;9,58
1974/01/31;9,31
1974/02/01;9,31
1974/02/04;9,14
1974/02/05;8,8
1974/02/06;8,76
1974/02/07;8,8
1974/02/08;8,81
1974/02/11;8,88
1974/02/12;9,02
1974/02/13;9,37
1974/02/14;8,87
1974/02/15;8,99
1974/02/18;8,99
1974/02/19;9,16
1974/02/20;9,52
1974/02/21;8,91
1974/02/22;8,85
1974/02/25;8,76
1974/02/26;8,76
1974/02/27;8,72
1974/02/28;8,87
1974/03/01;8,97
1974/03/04;9,07
1974/03/05;9,14
1974/03/06;8,87
1974/03/07;8,94
1974/03/08;8,92
1974/03/11;8,95
1974/03/12;9,16
1974/03/13;9,39
1974/03/14;9,14
1974/03/15;9,35
1974/03/18;9,52
1974/03/19;9,31
1974/03/20;9,28
1974/03/21;9,49
1974/03/22;9,65
1974/03/25;9,87
1974/03/26;9,51
1974/03/27;9,48
1974/03/28;10,09
1974/03/29;9,95
1974/04/01;10,01
1974/04/02;9,84
1974/04/03;9,75
1974/04/04;9,89
1974/04/05;9,95
1974/04/08;10,19
1974/04/09;10,14
1974/04/10;10,09
1974/04/11;10,25
1974/04/12;10,27
1974/04/15;10,36
1974/04/16;10,55
1974/04/17;10,55
1974/04/18;10,68
1974/04/19;10,81
1974/04/22;11
1974/04/23;11,08
1974/04/24;10,3
1974/04/25;11,25
1974/04/26;11,36
1974/04/29;11,29
1974/04/30;11
1974/05/01;10,57
1974/05/02;11,28
1974/05/03;11,53
1974/05/06;11,47
1974/05/07;11,28
1974/05/08;10,41
1974/05/09;11,51
1974/05/10;11,47
1974/05/13;11,55
1974/05/14;11,4
1974/05/15;11,36
1974/05/16;11,52
1974/05/17;11,37
1974/05/20;11,17
1974/05/21;10,05
1974/05/22;9,83
1974/05/23;11,21
1974/05/24;11,31
1974/05/27;11,31
1974/05/28;11,73
1974/05/29;12,61
1974/05/30;11,55
1974/05/31;11,64
1974/06/03;11,58
1974/06/04;11,14
1974/06/05;10,94
1974/06/06;11,4
1974/06/07;11,38
1974/06/10;11,47
1974/06/11;11,69
1974/06/12;12,47
1974/06/13;11,73
1974/06/14;12,11
1974/06/17;11,88
1974/06/18;11,59
1974/06/19;11,41
1974/06/20;11,88
1974/06/21;12
1974/06/24;11,89
1974/06/25;12,01
1974/06/26;11,98
1974/06/27;13,25
1974/06/28;13,31
1974/07/01;14,33
1974/07/02;13,86
1974/07/03;13,5
1974/07/04;13,5
1974/07/05;13,3
1974/07/08;13,93
1974/07/09;13,93
1974/07/10;12,15
1974/07/11;13,41
1974/07/12;13,6
1974/07/15;13,33
1974/07/16;12,24
1974/07/17;11,52
1974/07/18;12,26
1974/07/19;12,38
1974/07/22;12,28
1974/07/23;12,32
1974/07/24;14,19
1974/07/25;12,64
1974/07/26;12,6
1974/07/29;11,96
1974/07/30;11,56
1974/07/31;12,06
1974/08/01;12,25
1974/08/02;12,17
1974/08/05;12,02
1974/08/06;11,91
1974/08/07;11,96
1974/08/08;12,09
1974/08/09;12
1974/08/12;12,02
1974/08/13;12,09
1974/08/14;11,93
1974/08/15;12,21
1974/08/16;12,33
1974/08/19;12,35
1974/08/20;12,3
1974/08/21;11,79
1974/08/22;12,13
1974/08/23;12,07
1974/08/26;12,09
1974/08/27;11,62
1974/08/28;10,82
1974/08/29;11,67
1974/08/30;11,6
1974/09/02;11,6
1974/09/03;11,92
1974/09/04;11,46
1974/09/05;11,62
1974/09/06;11,54
1974/09/09;11,86
1974/09/10;11,76
1974/09/11;10,52
1974/09/12;11,58
1974/09/13;11,61
1974/09/16;11,55
1974/09/17;11,21
1974/09/18;10,69
1974/09/19;11,17
1974/09/20;11,17
1974/09/23;11,21
1974/09/24;10,96
1974/09/25;10,98
1974/09/26;11
1974/09/27;11,18
1974/09/30;11,11
1974/10/01;11,3
1974/10/02;10,32
1974/10/03;10,97
1974/10/04;10,78
1974/10/07;10,44
1974/10/08;10,03
1974/10/09;9,23
1974/10/10;10,02
1974/10/11;10,01
1974/10/14;10,01
1974/10/15;10,35
1974/10/16;10,38
1974/10/17;10,04
1974/10/18;9,76
1974/10/21;9,63
1974/10/22;9,67
1974/10/23;10,04
1974/10/24;9,69
1974/10/25;9,71
1974/10/28;9,74
1974/10/29;9,58
1974/10/30;9,91
1974/10/31;9,66
1974/11/01;9,65
1974/11/04;9,77
1974/11/05;9,89
1974/11/06;9,11
1974/11/07;9,61
1974/11/08;9,55
1974/11/11;9,55
1974/11/12;9,4
1974/11/13;8,4
1974/11/14;9,32
1974/11/15;9,27
1974/11/18;9,47
1974/11/19;9,5
1974/11/20;9,28
1974/11/21;9,4
1974/11/22;9,41
1974/11/25;9,5
1974/11/26;9,53
1974/11/27;9,56
1974/11/28;9,56
1974/11/29;9,47
1974/12/02;9,41
1974/12/03;8,89
1974/12/04;6,88
1974/12/05;8,89
1974/12/06;8,87
1974/12/09;8,9
1974/12/10;8,95
1974/12/11;8,7
1974/12/12;8,72
1974/12/13;8,75
1974/12/16;8,77
1974/12/17;8,53
1974/12/18;8,78
1974/12/19;8,57
1974/12/20;8,64
1974/12/23;8,76
1974/12/24;7,94
1974/12/25;7,94
1974/12/26;8,77
1974/12/27;8,79
1974/12/30;8,57
1974/12/31;3,87
1975/01/01;3,87
1975/01/02;8,55
1975/01/03;8,37
1975/01/06;7,85
1975/01/07;7,3
1975/01/08;5,12
1975/01/09;7,27
1975/01/10;7,24
1975/01/13;7,28
1975/01/14;7,09
1975/01/15;7,19
1975/01/16;6,96
1975/01/17;6,95
1975/01/20;7,04
1975/01/21;7,16
1975/01/22;8,19
1975/01/23;7,06
1975/01/24;7
1975/01/27;7,18
1975/01/28;7,12
1975/01/29;6,6
1975/01/30;6,81
1975/01/31;6,76
1975/02/03;6,73
1975/02/04;6,58
1975/02/05;4,84
1975/02/06;6,21
1975/02/07;6,17
1975/02/10;6,38
1975/02/11;6,48
1975/02/12;6,36
1975/02/13;6,33
1975/02/14;6,29
1975/02/17;6,29
1975/02/18;6,22
1975/02/19;6,31
1975/02/20;6,17
1975/02/21;6,14
1975/02/24;6
1975/02/25;5,96
1975/02/26;6,48
1975/02/27;6,01
1975/02/28;6,07
1975/03/03;6,06
1975/03/04;5,91
1975/03/05;5
1975/03/06;5,7
1975/03/07;5,78
1975/03/10;5,68
1975/03/11;5,41
1975/03/12;3,96
1975/03/13;5,49
1975/03/14;5,44
1975/03/17;5,5
1975/03/18;5,43
1975/03/19;4,95
1975/03/20;5,46
1975/03/21;5,52
1975/03/24;5,68
1975/03/25;5,38
1975/03/26;5,6
1975/03/27;5,51
1975/03/28;5,73
1975/03/31;5,39
1975/04/01;5,48
1975/04/02;5,55
1975/04/03;5,41
1975/04/04;5,25
1975/04/07;5,37
1975/04/08;5,22
1975/04/09;5,18
1975/04/10;5,31
1975/04/11;5,39
1975/04/14;5,46
1975/04/15;5,48
1975/04/16;5,69
1975/04/17;5,59
1975/04/18;5,57
1975/04/21;5,56
1975/04/22;5,34
1975/04/23;5,57
1975/04/24;5,54
1975/04/25;5,47
1975/04/28;5,5
1975/04/29;5,46
1975/04/30;7,03
1975/05/01;5,55
1975/05/02;5,49
1975/05/05;5,41
1975/05/06;5,35
1975/05/07;5,16
1975/05/08;5,37
1975/05/09;5,24
1975/05/12;5,25
1975/05/13;5,12
1975/05/14;4,95
1975/05/15;5,09
1975/05/16;5,1
1975/05/19;5,13
1975/05/20;5,03
1975/05/21;5,36
1975/05/22;5,05
1975/05/23;5,07
1975/05/26;5,07
1975/05/27;5,11
1975/05/28;5,54
1975/05/29;5,16
1975/05/30;5,23
1975/06/02;5,37
1975/06/03;5,35
1975/06/04;5,12
1975/06/05;5,17
1975/06/06;5,2
1975/06/09;5,18
1975/06/10;5,06
1975/06/11;5,06
1975/06/12;5,18
1975/06/13;5,2
1975/06/16;5,34
1975/06/17;5,43
1975/06/18;5,59
1975/06/19;5,43
1975/06/20;5,55
1975/06/23;5,89
1975/06/24;5,95
1975/06/25;6,13
1975/06/26;6,31
1975/06/27;6,61
1975/06/30;5,97
1975/07/01;6,12
1975/07/02;5,97
1975/07/03;6,24
1975/07/04;6,24
1975/07/07;6,28
1975/07/08;5,76
1975/07/09;5,4
1975/07/10;5,89
1975/07/11;5,84
1975/07/14;5,92
1975/07/15;5,92
1975/07/16;6,27
1975/07/17;6,07
1975/07/18;6,07
1975/07/21;6,08
1975/07/22;6,1
1975/07/23;6,5
1975/07/24;6,31
1975/07/25;6,31
1975/07/28;6,26
1975/07/29;6,16
1975/07/30;6,11
1975/07/31;6,23
1975/08/01;6,24
1975/08/04;6,26
1975/08/05;6,15
1975/08/06;5,3
1975/08/07;6,14
1975/08/08;6,04
1975/08/11;6,13
1975/08/12;6,11
1975/08/13;6,09
1975/08/14;6,06
1975/08/15;6,05
1975/08/18;6,15
1975/08/19;6,24
1975/08/20;6,42
1975/08/21;6,34
1975/08/22;6,32
1975/08/25;6,31
1975/08/26;6,18
1975/08/27;5,81
1975/08/28;6,17
1975/08/29;6,13
1975/09/01;6,13
1975/09/02;6,29
1975/09/03;5,47
1975/09/04;6,19
1975/09/05;6,2
1975/09/08;6,19
1975/09/09;6,09
1975/09/10;5,98
1975/09/11;6,22
1975/09/12;6,33
1975/09/15;6,41
1975/09/16;6,28
1975/09/17;6,03
1975/09/18;6,31
1975/09/19;6,21
1975/09/22;6,28
1975/09/23;6,26
1975/09/24;6,54
1975/09/25;6,38
1975/09/26;6,42
1975/09/29;6,42
1975/09/30;6,22
1975/10/01;6,24
1975/10/02;6,3
1975/10/03;6,18
1975/10/06;6,03
1975/10/07;5,8
1975/10/08;5,73
1975/10/09;5,87
1975/10/10;5,79
1975/10/13;5,79
1975/10/14;5,76
1975/10/15;5,95
1975/10/16;5,78
1975/10/17;5,68
1975/10/20;5,77
1975/10/21;5,72
1975/10/22;5,77
1975/10/23;5,66
1975/10/24;5,64
1975/10/27;5,67
1975/10/28;5,63
1975/10/29;5,67
1975/10/30;5,64
1975/10/31;5,65
1975/11/03;5,65
1975/11/04;4,94
1975/11/05;2,99
1975/11/06;5,31
1975/11/07;5,22
1975/11/10;5,18
1975/11/11;5,18
1975/11/12;5,35
1975/11/13;5,23
1975/11/14;5,18
1975/11/17;5,31
1975/11/18;5,35
1975/11/19;5,28
1975/11/20;5,3
1975/11/21;5,26
1975/11/24;5,31
1975/11/25;5,26
1975/11/26;5,34
1975/11/27;5,34
1975/11/28;5,29
1975/12/01;5,31
1975/12/02;5,29
1975/12/03;4,96
1975/12/04;5,24
1975/12/05;5,31
1975/12/08;5,32
1975/12/09;5,23
1975/12/10;5,09
1975/12/11;5,25
1975/12/12;5,19
1975/12/15;5,23
1975/12/16;5,18
1975/12/17;4,93
1975/12/18;5,22
1975/12/19;5,21
1975/12/22;5,24
1975/12/23;5,18
1975/12/24;5,02
1975/12/25;5,02
1975/12/26;5,15
1975/12/29;5,1
1975/12/30;5,3
1975/12/31;5,37
1976/01/01;5,37
1976/01/02;5,28
1976/01/05;5,29
1976/01/06;5,05
1976/01/07;4,26
1976/01/08;4,84
1976/01/09;4,73
1976/01/12;4,74
1976/01/13;4,78
1976/01/14;4,78
1976/01/15;4,81
1976/01/16;4,82
1976/01/19;4,79
1976/01/20;4,76
1976/01/21;4,83
1976/01/22;4,77
1976/01/23;4,72
1976/01/26;4,77
1976/01/27;4,79
1976/01/28;5,12
1976/01/29;4,82
1976/01/30;4,84
1976/02/02;4,87
1976/02/03;4,81
1976/02/04;4,71
1976/02/05;4,77
1976/02/06;4,76
1976/02/09;4,7
1976/02/10;4,63
1976/02/11;4,75
1976/02/12;4,74
1976/02/13;4,8
1976/02/16;4,8
1976/02/17;4,84
1976/02/18;4,12
1976/02/19;4,79
1976/02/20;4,73
1976/02/23;4,8
1976/02/24;4,84
1976/02/25;4,97
1976/02/26;4,83
1976/02/27;4,89
1976/03/01;5,21
1976/03/02;5,01
1976/03/03;4,95
1976/03/04;4,95
1976/03/05;4,97
1976/03/08;4,86
1976/03/09;4,78
1976/03/10;4,49
1976/03/11;4,82
1976/03/12;4,81
1976/03/15;4,81
1976/03/16;4,77
1976/03/17;4,56
1976/03/18;4,83
1976/03/19;4,8
1976/03/22;4,76
1976/03/23;4,72
1976/03/24;4,85
1976/03/25;4,81
1976/03/26;4,76
1976/03/29;4,81
1976/03/30;4,88
1976/03/31;5,07
1976/04/01;4,83
1976/04/02;4,79
1976/04/05;4,74
1976/04/06;4,72
1976/04/07;4,43
1976/04/08;4,75
1976/04/09;4,7
1976/04/12;4,76
1976/04/13;4,75
1976/04/14;5
1976/04/15;4,77
1976/04/16;4,68
1976/04/19;4,74
1976/04/20;4,78
1976/04/21;5,1
1976/04/22;4,83
1976/04/23;4,86
1976/04/26;4,9
1976/04/27;4,94
1976/04/28;5,25
1976/04/29;5
1976/04/30;5,1
1976/05/03;5,06
1976/05/04;4,98
1976/05/05;4,86
1976/05/06;4,94
1976/05/07;4,97
1976/05/10;5,06
1976/05/11;5,05
1976/05/12;5,17
1976/05/13;5,13
1976/05/14;5,21
1976/05/17;5,36
1976/05/18;5,39
1976/05/19;5,48
1976/05/20;5,47
1976/05/21;5,51
1976/05/24;5,48
1976/05/25;5,42
1976/05/26;5,6
1976/05/27;5,61
1976/05/28;5,67
1976/05/31;5,67
1976/06/01;5,58
1976/06/02;4,9
1976/06/03;5,5
1976/06/04;5,44
1976/06/07;5,45
1976/06/08;5,48
1976/06/09;5,34
1976/06/10;5,47
1976/06/11;5,44
1976/06/14;5,53
1976/06/15;5,58
1976/06/16;5,39
1976/06/17;5,56
1976/06/18;5,49
1976/06/21;5,49
1976/06/22;5,43
1976/06/23;5,44
1976/06/24;5,47
1976/06/25;5,5
1976/06/28;5,69
1976/06/29;5,67
1976/06/30;5,71
1976/07/01;5,58
1976/07/02;5,45
1976/07/05;5,45
1976/07/06;5,39
1976/07/07;4,82
1976/07/08;5,39
1976/07/09;5,26
1976/07/12;5,26
1976/07/13;5,21
1976/07/14;5,26
1976/07/15;5,25
1976/07/16;5,28
1976/07/19;5,39
1976/07/20;5,31
1976/07/21;5,33
1976/07/22;5,27
1976/07/23;5,24
1976/07/26;5,28
1976/07/27;5,28
1976/07/28;5,41
1976/07/29;5,29
1976/07/30;5,32
1976/08/02;5,37
1976/08/03;5,37
1976/08/04;5,52
1976/08/05;5,33
1976/08/06;5,24
1976/08/09;5,27
1976/08/10;5,21
1976/08/11;5,21
1976/08/12;5,25
1976/08/13;5,24
1976/08/16;5,38
1976/08/17;5,31
1976/08/18;5,39
1976/08/19;5,32
1976/08/20;5,31
1976/08/23;5,28
1976/08/24;5,2
1976/08/25;5,2
1976/08/26;5,27
1976/08/27;5,28
1976/08/30;5,3
1976/08/31;5,31
1976/09/01;5,25
1976/09/02;5,31
1976/09/03;5,3
1976/09/06;5,3
1976/09/07;5,34
1976/09/08;4,88
1976/09/09;5,25
1976/09/10;5,22
1976/09/13;5,27
1976/09/14;5,2
1976/09/15;5,15
1976/09/16;5,24
1976/09/17;5,17
1976/09/20;5,26
1976/09/21;5,22
1976/09/22;5,25
1976/09/23;5,25
1976/09/24;5,27
1976/09/27;5,37
1976/09/28;5,39
1976/09/29;5,44
1976/09/30;5,31
1976/10/01;5,32
1976/10/04;5,27
1976/10/05;5,15
1976/10/06;4,5
1976/10/07;5,12
1976/10/08;5
1976/10/11;5
1976/10/12;5,09
1976/10/13;4,94
1976/10/14;4,99
1976/10/15;4,93
1976/10/18;5,03
1976/10/19;4,97
1976/10/20;4,98
1976/10/21;4,98
1976/10/22;5
1976/10/25;5,01
1976/10/26;5
1976/10/27;4,95
1976/10/28;4,98
1976/10/29;5,02
1976/11/01;5,04
1976/11/02;5,04
1976/11/03;5,31
1976/11/04;5,03
1976/11/05;4,96
1976/11/08;4,92
1976/11/09;4,93
1976/11/10;5,07
1976/11/11;5,07
1976/11/12;5,05
1976/11/15;5,09
1976/11/16;4,99
1976/11/17;4,87
1976/11/18;4,95
1976/11/19;4,9
1976/11/22;4,84
1976/11/23;4,85
1976/11/24;4,97
1976/11/25;4,97
1976/11/26;4,8
1976/11/29;4,71
1976/11/30;4,69
1976/12/01;4,67
1976/12/02;4,68
1976/12/03;4,63
1976/12/06;4,69
1976/12/07;4,66
1976/12/08;4,74
1976/12/09;4,69
1976/12/10;4,64
1976/12/13;4,73
1976/12/14;4,69
1976/12/15;4,73
1976/12/16;4,65
1976/12/17;4,56
1976/12/20;4,65
1976/12/21;4,68
1976/12/22;4,75
1976/12/23;4,6
1976/12/24;4,54
1976/12/27;4,66
1976/12/28;4,73
1976/12/29;5,01
1976/12/30;4,9
1976/12/31;4,17
1981/01/01;22
1981/01/02;20,05
1981/01/05;19,39
1981/01/06;19,97
1981/01/07;18,9
1981/01/08;19,49
1981/01/09;19,58
1981/01/12;19,87
1981/01/13;19,97
1981/01/14;19,38
1981/01/15;19,52
1981/01/16;19,82
1981/01/19;19,88
1981/01/20;18,94
1981/01/21;17,63
1981/01/22;19,05
1981/01/23;18,7
1981/01/26;18,69
1981/01/27;17,98
1981/01/28;15,03
1981/01/29;16,98
1981/01/30;17,25
1981/02/02;17,54
1981/02/03;17,76
1981/02/04;16,33
1981/02/05;16,8
1981/02/06;16,94
1981/02/09;16,89
1981/02/10;16,72
1981/02/11;14,33
1981/02/12;14,71
1981/02/13;16,2
1981/02/16;16,2
1981/02/17;16,44
1981/02/18;14,73
1981/02/19;15,63
1981/02/20;14,62
1981/02/23;14,83
1981/02/24;15,03
1981/02/25;15,39
1981/02/26;15,24
1981/02/27;15,53
1981/03/02;15,96
1981/03/03;16,51
1981/03/04;15,84
1981/03/05;16,11
1981/03/06;15,94
1981/03/09;15,67
1981/03/10;15,15
1981/03/11;13,96
1981/03/12;14,61
1981/03/13;14,28
1981/03/16;14,18
1981/03/17;14,27
1981/03/18;13
1981/03/19;13,05
1981/03/20;13,16
1981/03/23;13,47
1981/03/24;13,69
1981/03/25;14,7
1981/03/26;14,82
1981/03/27;15,1
1981/03/30;15,23
1981/03/31;14,63
1981/04/01;14,51
1981/04/02;14,86
1981/04/03;15,77
1981/04/06;16,03
1981/04/07;15,6
1981/04/08;14,2
1981/04/09;15,54
1981/04/10;15,56
1981/04/13;15,6
1981/04/14;14,94
1981/04/15;14,56
1981/04/16;15,67
1981/04/17;15,17
1981/04/20;15,6
1981/04/21;15,86
1981/04/22;16,24
1981/04/23;15,76
1981/04/24;15,32
1981/04/27;16,08
1981/04/28;17,12
1981/04/29;19,02
1981/04/30;18,92
1981/05/01;19,79
1981/05/04;18,67
1981/05/05;18,39
1981/05/06;17,02
1981/05/07;18,41
1981/05/08;18,14
1981/05/11;18,28
1981/05/12;18,08
1981/05/13;18,26
1981/05/14;18,83
1981/05/15;18,49
1981/05/18;18,52
1981/05/19;18,75
1981/05/20;20,64
1981/05/21;20,27
1981/05/22;19,29
1981/05/25;19,29
1981/05/26;17,97
1981/05/27;15,54
1981/05/28;17,32
1981/05/29;17,56
1981/06/01;19,01
1981/06/02;19,45
1981/06/03;20,35
1981/06/04;20,05
1981/06/05;19,99
1981/06/08;18,73
1981/06/09;18,36
1981/06/10;18,22
1981/06/11;18,76
1981/06/12;18,33
1981/06/15;18,83
1981/06/16;19,39
1981/06/17;21,71
1981/06/18;20,68
1981/06/19;20,61
1981/06/22;18,75
1981/06/23;16,75
1981/06/24;16,37
1981/06/25;18,43
1981/06/26;18,39
1981/06/29;18,55
1981/06/30;18,64
1981/07/01;21,09
1981/07/02;20,54
1981/07/03;19,83
1981/07/06;19,94
1981/07/07;19,71
1981/07/08;19,82
1981/07/09;20,34
1981/07/10;19,06
1981/07/13;18,42
1981/07/14;17,65
1981/07/15;17,72
1981/07/16;18,8
1981/07/17;17,88
1981/07/20;18,58
1981/07/21;19,98
1981/07/22;22,36
1981/07/23;20,05
1981/07/24;18,65
1981/07/27;18,15
1981/07/28;18,15
1981/07/29;17,5
1981/07/30;17,59
1981/07/31;17,46
1981/08/03;18,81
1981/08/04;19,92
1981/08/05;19,06
1981/08/06;18,96
1981/08/07;18,51
1981/08/10;18,11
1981/08/11;17,85
1981/08/12;17,58
1981/08/13;17,92
1981/08/14;17,53
1981/08/17;18,3
1981/08/18;19,75
1981/08/19;18,77
1981/08/20;18,38
1981/08/21;17,53
1981/08/24;17,92
1981/08/25;17,21
1981/08/26;15,77
1981/08/27;17,13
1981/08/28;16,15
1981/08/31;16,83
1981/09/01;17,52
1981/09/02;18,32
1981/09/03;17,16
1981/09/04;16,42
1981/09/07;16,42
1981/09/08;16,7
1981/09/09;15,94
1981/09/10;16,53
1981/09/11;16,15
1981/09/14;16,11
1981/09/15;15,78
1981/09/16;15,73
1981/09/17;15,86
1981/09/18;15,71
1981/09/21;15,43
1981/09/22;14,64
1981/09/23;14,27
1981/09/24;15,04
1981/09/25;14,39
1981/09/28;14,95
1981/09/29;15,23
1981/09/30;16,58
1981/10/01;16,96
1981/10/02;16,57
1981/10/05;14,88
1981/10/06;13,3
1981/10/07;13,4
1981/10/08;14,51
1981/10/09;14,71
1981/10/12;14,71
1981/10/13;14,89
1981/10/14;16,28
1981/10/15;15,17
1981/10/16;15,1
1981/10/19;15,39
1981/10/20;15,73
1981/10/21;15,66
1981/10/22;15,56
1981/10/23;14,98
1981/10/26;14,69
1981/10/27;14,6
1981/10/28;14,31
1981/10/29;14,48
1981/10/30;14,44
1981/11/02;15,06
1981/11/03;15,15
1981/11/04;15,5
1981/11/05;14,6
1981/11/06;13,79
1981/11/09;13,51
1981/11/10;14,29
1981/11/11;14,29
1981/11/12;13,56
1981/11/13;13,08
1981/11/16;13,33
1981/11/17;13,16
1981/11/18;12,9
1981/11/19;12,94
1981/11/20;12,38
1981/11/23;12,15
1981/11/24;11,97
1981/11/25;12,71
1981/11/26;12,71
1981/11/27;12,25
1981/11/30;12,44
1981/12/01;13,03
1981/12/02;12,43
1981/12/03;12,65
1981/12/04;11,83
1981/12/07;11,89
1981/12/08;11,95
1981/12/09;12,27
1981/12/10;12,3
1981/12/11;12,22
1981/12/14;12,28
1981/12/15;12,25
1981/12/16;12,35
1981/12/17;12,38
1981/12/18;12,28
1981/12/21;12,33
1981/12/22;12,54
1981/12/23;12,92
1981/12/24;12,3
1981/12/25;12,3
1981/12/28;12,72
1981/12/29;12,97
1981/12/30;12,86
1981/12/31;13,13
1982/01/01;13,13
1982/01/04;13,31
1982/01/05;12,9
1982/01/06;12,12
1982/01/07;12,37
1982/01/08;12,12
1982/01/11;12,64
1982/01/12;12,88
1982/01/13;12,66
1982/01/14;12,75
1982/01/15;12,47
1982/01/18;12,92
1982/01/19;13,35
1982/01/20;14,26
1982/01/21;13,51
1982/01/22;13,8
1982/01/25;14,89
1982/01/26;14,04
1982/01/27;13,99
1982/01/28;14,06
1982/01/29;14,21
1982/02/01;15,69
1982/02/02;15,34
1982/02/03;15,65
1982/02/04;15,27
1982/02/05;15,22
1982/02/08;14,88
1982/02/09;15,1
1982/02/10;15,44
1982/02/11;15,87
1982/02/12;15,54
1982/02/15;15,54
1982/02/16;16,36
1982/02/17;14,88
1982/02/18;15,07
1982/02/19;14,2
1982/02/22;13,83
1982/02/23;13,1
1982/02/24;12,44
1982/02/25;13,26
1982/02/26;13,74
1982/03/01;14,11
1982/03/02;14,63
1982/03/03;15,26
1982/03/04;14,4
1982/03/05;14,37
1982/03/08;13,75
1982/03/09;14,01
1982/03/10;15,21
1982/03/11;14,52
1982/03/12;14,72
1982/03/15;15,21
1982/03/16;15,43
1982/03/17;14,92
1982/03/18;14,97
1982/03/19;14,9
1982/03/22;14,43
1982/03/23;13,88
1982/03/24;13,37
1982/03/25;14,11
1982/03/26;14,39
1982/03/29;15,37
1982/03/30;15,49
1982/03/31;16,8
1982/04/01;15,48
1982/04/02;16,02
1982/04/05;14,62
1982/04/06;14,21
1982/04/07;13,69
1982/04/08;14,61
1982/04/09;14,28
1982/04/12;14,33
1982/04/13;14,74
1982/04/14;16,25
1982/04/15;15,81
1982/04/16;15,27
1982/04/19;14,87
1982/04/20;14,34
1982/04/21;14,26
1982/04/22;14,81
1982/04/23;14,63
1982/04/26;14,3
1982/04/27;13,92
1982/04/28;16,1
1982/04/29;15,89
1982/04/30;15,28
1982/05/03;15,27
1982/05/04;15,94
1982/05/05;15,74
1982/05/06;15,25
1982/05/07;14,9
1982/05/10;14,59
1982/05/11;14,89
1982/05/12;15,38
1982/05/13;14,89
1982/05/14;14,52
1982/05/17;14,68
1982/05/18;14,7
1982/05/19;14,86
1982/05/20;14,28
1982/05/21;13,56
1982/05/24;13,71
1982/05/25;13,94
1982/05/26;13,27
1982/05/27;13,69
1982/05/28;13,38
1982/05/31;13,38
1982/06/01;13,76
1982/06/02;13,05
1982/06/03;13,54
1982/06/04;13,55
1982/06/07;13,54
1982/06/08;13,62
1982/06/09;13,83
1982/06/10;13,95
1982/06/11;14,11
1982/06/14;14,26
1982/06/15;14,5
1982/06/16;14,66
1982/06/17;14,48
1982/06/18;14,11
1982/06/21;14,05
1982/06/22;14,05
1982/06/23;14,3
1982/06/24;14,71
1982/06/25;14,9
1982/06/28;14,98
1982/06/29;14,71
1982/06/30;14,58
1982/07/01;14,73
1982/07/02;14,61
1982/07/05;14,61
1982/07/06;14,53
1982/07/07;13,57
1982/07/08;13,86
1982/07/09;13,05
1982/07/12;13,12
1982/07/13;13,25
1982/07/14;12,88
1982/07/15;13,07
1982/07/16;12,64
1982/07/19;12,09
1982/07/20;11,22
1982/07/21;10,71
1982/07/22;11,04
1982/07/23;10,65
1982/07/26;10,84
1982/07/27;11,28
1982/07/28;12,01
1982/07/29;11,71
1982/07/30;11,41
1982/08/02;10,83
1982/08/03;10,61
1982/08/04;10,68
1982/08/05;10,76
1982/08/06;10,82
1982/08/09;11,07
1982/08/10;10,99
1982/08/11;11
1982/08/12;10,88
1982/08/13;10,38
1982/08/16;9,91
1982/08/17;9,74
1982/08/18;9,13
1982/08/19;9,1
1982/08/20;8,75
1982/08/23;9,01
1982/08/24;9,03
1982/08/25;9,91
1982/08/26;9,36
1982/08/27;9,91
1982/08/30;10,06
1982/08/31;10,63
1982/09/01;11,28
1982/09/02;10,55
1982/09/03;10,25
1982/09/06;10,25
1982/09/07;9,74
1982/09/08;9,68
1982/09/09;9,99
1982/09/10;10,08
1982/09/13;10,58
1982/09/14;10,43
1982/09/15;10,63
1982/09/16;10,76
1982/09/17;10,33
1982/09/20;10,18
1982/09/21;10,11
1982/09/22;10,13
1982/09/23;10,38
1982/09/24;10,23
1982/09/27;10,18
1982/09/28;9,7
1982/09/29;9,88
1982/09/30;12,17
1982/10/01;10,87
1982/10/04;10,9
1982/10/05;10,27
1982/10/06;9,45
1982/10/07;9,82
1982/10/08;9,63
1982/10/11;9,63
1982/10/12;9,2
1982/10/13;9,69
1982/10/14;9,57
1982/10/15;9,43
1982/10/18;9,59
1982/10/19;9,42
1982/10/20;9,81
1982/10/21;9,49
1982/10/22;9,42
1982/10/25;9,55
1982/10/26;9,4
1982/10/27;9,41
1982/10/28;9,44
1982/10/29;9,41
1982/11/01;9,43
1982/11/02;9,25
1982/11/03;9,68
1982/11/04;9,55
1982/11/05;9,4
1982/11/08;9,45
1982/11/09;9,31
1982/11/10;9,64
1982/11/11;9,64
1982/11/12;9,61
1982/11/15;9,82
1982/11/16;9,56
1982/11/17;9,42
1982/11/18;9,5
1982/11/19;9,06
1982/11/22;8,79
1982/11/23;8,54
1982/11/24;8,36
1982/11/25;8,36
1982/11/26;8,54
1982/11/29;8,83
1982/11/30;8,93
1982/12/01;9,1
1982/12/02;9,09
1982/12/03;8,93
1982/12/06;8,81
1982/12/07;8,51
1982/12/08;8,7
1982/12/09;8,84
1982/12/10;8,83
1982/12/13;8,99
1982/12/14;8,55
1982/12/15;9,13
1982/12/16;8,99
1982/12/17;8,79
1982/12/20;8,6
1982/12/21;8,39
1982/12/22;8,5
1982/12/23;8,62
1982/12/24;8,58
1982/12/27;8,7
1982/12/28;8,99
1982/12/29;9,46
1982/12/30;10,75
1982/12/31;11,2
1983/01/03;9,19
1983/01/04;9,47
1983/01/05;8,46
1983/01/06;8,48
1983/01/07;8,27
1983/01/10;8,34
1983/01/11;8,47
1983/01/12;8,87
1983/01/13;8,64
1983/01/14;8,43
1983/01/17;8,54
1983/01/18;8,36
1983/01/19;8,59
1983/01/20;8,47
1983/01/21;8,28
1983/01/24;8,53
1983/01/25;8,56
1983/01/26;8,69
1983/01/27;8,45
1983/01/28;8,39
1983/01/31;8,56
1983/02/01;8,63
1983/02/02;8,9
1983/02/03;8,54
1983/02/04;8,46
1983/02/07;8,56
1983/02/08;8,44
1983/02/09;8,58
1983/02/10;8,64
1983/02/11;8,53
1983/02/14;8,49
1983/02/15;8,6
1983/02/16;9
1983/02/17;8,67
1983/02/18;8,42
1983/02/21;8,42
1983/02/22;8,48
1983/02/23;8,49
1983/02/24;8,39
1983/02/25;8,22
1983/02/28;8,53
1983/03/01;8,65
1983/03/02;8,83
1983/03/03;8,53
1983/03/04;8,5
1983/03/07;8,82
1983/03/08;8,79
1983/03/09;8,49
1983/03/10;8,48
1983/03/11;8,4
1983/03/14;8,53
1983/03/15;8,82
1983/03/16;8,93
1983/03/17;8,74
1983/03/18;8,7
1983/03/21;8,78
1983/03/22;8,84
1983/03/23;8,76
1983/03/24;8,85
1983/03/25;8,76
1983/03/28;8,89
1983/03/29;8,96
1983/03/30;9,17
1983/03/31;10,81
1983/04/01;9,12
1983/04/04;9,24
1983/04/05;9,53
1983/04/06;9,1
1983/04/07;9
1983/04/08;8,84
1983/04/11;8,73
1983/04/12;8,61
1983/04/13;8,47
1983/04/14;8,69
1983/04/15;8,73
1983/04/18;8,65
1983/04/19;8,76
1983/04/20;8,61
1983/04/21;8,7
1983/04/22;8,52
1983/04/25;8,48
1983/04/26;8,45
1983/04/27;8,9
1983/04/28;8,83
1983/04/29;8,84
1983/05/02;8,77
1983/05/03;8,81
1983/05/04;8,64
1983/05/05;8,69
1983/05/06;8,45
1983/05/09;8,46
1983/05/10;8,35
1983/05/11;8,51
1983/05/12;8,56
1983/05/13;8,39
1983/05/16;8,73
1983/05/17;8,81
1983/05/18;8,83
1983/05/19;8,75
1983/05/20;8,68
1983/05/23;8,74
1983/05/24;8,72
1983/05/25;8,76
1983/05/26;8,7
1983/05/27;8,59
1983/05/30;8,59
1983/05/31;8,94
1983/06/01;9,38
1983/06/02;8,84
1983/06/03;8,77
1983/06/06;8,92
1983/06/07;8,95
1983/06/08;8,84
1983/06/09;8,83
1983/06/10;8,75
1983/06/13;8,78
1983/06/14;8,93
1983/06/15;9,1
1983/06/16;9,08
1983/06/17;9,02
1983/06/20;9,24
1983/06/21;9,43
1983/06/22;9,14
1983/06/23;9,06
1983/06/24;9,01
1983/06/27;9
1983/06/28;8,8
1983/06/29;8,43
1983/06/30;10,06
1983/07/01;9,31
1983/07/04;9,31
1983/07/05;9,19
1983/07/06;9,27
1983/07/07;9,23
1983/07/08;9,14
1983/07/11;9,21
1983/07/12;9,22
1983/07/13;9,39
1983/07/14;9,25
1983/07/15;9,39
1983/07/18;9,54
1983/07/19;9,53
1983/07/20;9,49
1983/07/21;9,43
1983/07/22;9,48
1983/07/25;9,48
1983/07/26;9,49
1983/07/27;9,4
1983/07/28;9,45
1983/07/29;9,52
1983/08/01;9,64
1983/08/02;9,84
1983/08/03;9,63
1983/08/04;9,64
1983/08/05;9,63
1983/08/08;9,74
1983/08/09;9,72
1983/08/10;9,6
1983/08/11;9,68
1983/08/12;9,67
1983/08/15;9,85
1983/08/16;9,67
1983/08/17;9,46
1983/08/18;9,59
1983/08/19;9,47
1983/08/22;9,37
1983/08/23;9,32
1983/08/24;9,17
1983/08/25;9,3
1983/08/26;9,43
1983/08/29;9,43
1983/08/30;9,47
1983/08/31;9,59
1983/09/01;9,61
1983/09/02;9,52
1983/09/05;9,52
1983/09/06;9,47
1983/09/07;9,57
1983/09/08;9,53
1983/09/09;9,6
1983/09/12;9,45
1983/09/13;9,54
1983/09/14;9,49
1983/09/15;9,66
1983/09/16;9,59
1983/09/19;9,37
1983/09/20;9,22
1983/09/21;9,35
1983/09/22;9,44
1983/09/23;9,08
1983/09/26;8,91
1983/09/27;8,66
1983/09/28;9,01
1983/09/29;9,68
1983/09/30;10,59
1983/10/03;9,62
1983/10/04;9,55
1983/10/05;9,37
1983/10/06;9,46
1983/10/07;9,38
1983/10/10;9,38
1983/10/11;9,56
1983/10/12;9,67
1983/10/13;9,51
1983/10/14;9,31
1983/10/17;9,33
1983/10/18;9,29
1983/10/19;9,49
1983/10/20;9,44
1983/10/21;9,36
1983/10/24;9,47
1983/10/25;9,3
1983/10/26;9,23
1983/10/27;9,4
1983/10/28;9,31
1983/10/31;9,43
1983/11/01;9,45
1983/11/02;9,57
1983/11/03;9,53
1983/11/04;9,32
1983/11/07;9,38
1983/11/08;9,25
1983/11/09;9,42
1983/11/10;9,38
1983/11/11;9,38
1983/11/14;9,37
1983/11/15;9,5
1983/11/16;9,54
1983/11/17;9,45
1983/11/18;9,23
1983/11/21;9,24
1983/11/22;9,07
1983/11/23;9,35
1983/11/24;9,35
1983/11/25;9,24
1983/11/28;9,23
1983/11/29;9,27
1983/11/30;9,34
1983/12/01;9,46
1983/12/02;9,51
1983/12/05;9,55
1983/12/06;9,38
1983/12/07;9,52
1983/12/08;9,56
1983/12/09;9,43
1983/12/12;9,53
1983/12/13;9,5
1983/12/14;9,74
1983/12/15;9,94
1983/12/16;9,73
1983/12/19;9,66
1983/12/20;9,43
1983/12/21;9,13
1983/12/22;9,35
1983/12/23;8,66
1983/12/26;8,66
1983/12/27;9,06
1983/12/28;9,7
1983/12/29;10,61
1983/12/30;9,92
1990/01/01;7,97
1990/01/02;8,54
1990/01/03;8,37
1990/01/04;8,29
1990/01/05;8,2
1990/01/08;8,27
1990/01/09;8,25
1990/01/10;8,12
1990/01/11;8,21
1990/01/12;8,16
1990/01/15;8,16
1990/01/16;8,31
1990/01/17;8,26
1990/01/18;8,23
1990/01/19;8,19
1990/01/22;8,19
1990/01/23;8,19
1990/01/24;8,4
1990/01/25;8,24
1990/01/26;8,24
1990/01/29;8,24
1990/01/30;8,23
1990/01/31;8,26
1990/02/01;8,25
1990/02/02;8,23
1990/02/05;8,22
1990/02/06;8,19
1990/02/07;8,22
1990/02/08;8,21
1990/02/09;8,21
1990/02/12;8,21
1990/02/13;8,21
1990/02/14;8,21
1990/02/15;8,32
1990/02/16;8,19
1990/02/19;8,19
1990/02/20;8,24
1990/02/21;8,41
1990/02/22;8,28
1990/02/23;8,25
1990/02/26;8,28
1990/02/27;8,27
1990/02/28;8,29
1990/03/01;8,3
1990/03/02;8,27
1990/03/05;8,24
1990/03/06;8,21
1990/03/07;8,4
1990/03/08;8,3
1990/03/09;8,29
1990/03/12;8,28
1990/03/13;8,23
1990/03/14;8,21
1990/03/15;8,29
1990/03/16;8,22
1990/03/19;8,24
1990/03/20;8,26
1990/03/21;8,47
1990/03/22;8,28
1990/03/23;8,25
1990/03/26;8,25
1990/03/27;8,26
1990/03/28;8,3
1990/03/29;8,37
1990/03/30;8,3
1990/04/02;8,34
1990/04/03;8,31
1990/04/04;8,37
1990/04/05;8,31
1990/04/06;8,26
1990/04/09;8,24
1990/04/10;8,21
1990/04/11;8,2
1990/04/12;8,21
1990/04/13;8,18
1990/04/16;8,31
1990/04/17;8,39
1990/04/18;8,46
1990/04/19;8,31
1990/04/20;8,24
1990/04/23;8,25
1990/04/24;8,21
1990/04/25;8,21
1990/04/26;8,21
1990/04/27;8,18
1990/04/30;8,23
1990/05/01;8,11
1990/05/02;7,73
1990/05/03;8,19
1990/05/04;8,21
1990/05/07;8,23
1990/05/08;8,2
1990/05/09;8,18
1990/05/10;8,23
1990/05/11;8,24
1990/05/14;8,27
1990/05/15;8,34
1990/05/16;7,53
1990/05/17;8,2
1990/05/18;8,22
1990/05/21;8,24
1990/05/22;8,22
1990/05/23;8,24
1990/05/24;8,29
1990/05/25;8,27
1990/05/28;8,27
1990/05/29;8,26
1990/05/30;7,69
1990/05/31;8,23
1990/06/01;8,28
1990/06/04;8,28
1990/06/05;8,27
1990/06/06;8,22
1990/06/07;8,25
1990/06/08;8,26
1990/06/11;8,26
1990/06/12;8,23
1990/06/13;8,61
1990/06/14;8,29
1990/06/15;8,29
1990/06/18;8,28
1990/06/19;8,25
1990/06/20;8,24
1990/06/21;8,25
1990/06/22;8,24
1990/06/25;8,3
1990/06/26;8,33
1990/06/27;8,39
1990/06/28;8,36
1990/06/29;8,32
1990/07/02;8,35
1990/07/03;8,32
1990/07/04;8,32
1990/07/05;8,32
1990/07/06;8,32
1990/07/09;8,33
1990/07/10;8,34
1990/07/11;8,01
1990/07/12;8,29
1990/07/13;8,18
1990/07/16;8,07
1990/07/17;8,05
1990/07/18;8,02
1990/07/19;8,04
1990/07/20;7,99
1990/07/23;8,02
1990/07/24;8,02
1990/07/25;8,28
1990/07/26;8,05
1990/07/27;8,01
1990/07/30;8,03
1990/07/31;8,05
1990/08/01;8,07
1990/08/02;8,09
1990/08/03;8,03
1990/08/06;8,04
1990/08/07;8,05
1990/08/08;8,19
1990/08/09;8,1
1990/08/10;8,05
1990/08/13;8,23
1990/08/14;8,14
1990/08/15;8,28
1990/08/16;8,44
1990/08/17;8,2
1990/08/20;8,08
1990/08/21;8
1990/08/22;8,96
1990/08/23;8,13
1990/08/24;8,07
1990/08/27;8,08
1990/08/28;8,07
1990/08/29;8,04
1990/08/30;8,06
1990/08/31;8,06
1990/09/03;8,06
1990/09/04;8,17
1990/09/05;9,31
1990/09/06;8,2
1990/09/07;8,13
1990/09/10;8,13
1990/09/11;8,08
1990/09/12;8,03
1990/09/13;8,03
1990/09/14;7,93
1990/09/17;8,04
1990/09/18;7,87
1990/09/19;9,53
1990/09/20;8,17
1990/09/21;8,22
1990/09/24;8,33
1990/09/25;8,35
1990/09/26;8,29
1990/09/27;8,21
1990/09/28;8,03
1990/10/01;8,25
1990/10/02;8,32
1990/10/03;8,71
1990/10/04;8,31
1990/10/05;8,19
1990/10/08;8,19
1990/10/09;8,21
1990/10/10;8,11
1990/10/11;8,02
1990/10/12;7,98
1990/10/15;8,07
1990/10/16;8,01
1990/10/17;7,69
1990/10/18;8,04
1990/10/19;8,01
1990/10/22;7,99
1990/10/23;7,93
1990/10/24;7,94
1990/10/25;8,02
1990/10/26;7,97
1990/10/29;7,87
1990/10/30;7,84
1990/10/31;9,52
1990/11/01;8,06
1990/11/02;8,02
1990/11/05;7,96
1990/11/06;7,89
1990/11/07;7,8
1990/11/08;7,77
1990/11/09;7,73
1990/11/12;7,73
1990/11/13;8
1990/11/14;8,92
1990/11/15;8,12
1990/11/16;7,85
1990/11/19;7,72
1990/11/20;7,65
1990/11/21;7,59
1990/11/22;7,59
1990/11/23;7,56
1990/11/26;7,65
1990/11/27;7,62
1990/11/28;7,39
1990/11/29;7,65
1990/11/30;7,61
1990/12/03;7,65
1990/12/04;7,58
1990/12/05;7,47
1990/12/06;7,44
1990/12/07;7,25
1990/12/10;7,18
1990/12/11;7,05
1990/12/12;7,36
1990/12/13;7,25
1990/12/14;7,29
1990/12/17;7,44
1990/12/18;7,37
1990/12/19;7,13
1990/12/20;7,2
1990/12/21;7,06
1990/12/24;6,45
1990/12/25;6,45
1990/12/26;8,86
1990/12/27;8,65
1990/12/28;7,54
1990/12/31;5,53
1991/01/01;5,53
1991/01/02;7,85
1991/01/03;7,18
1991/01/04;6,52
1991/01/07;6,26
1991/01/08;5,94
1991/01/09;5,88
1991/01/10;6,81
1991/01/11;6,68
1991/01/14;6,83
1991/01/15;6,89
1991/01/16;6,81
1991/01/17;6,6
1991/01/18;5,9
1991/01/21;5,9
1991/01/22;7,56
1991/01/23;10,39
1991/01/24;7,69
1991/01/25;7,59
1991/01/28;7,61
1991/01/29;7,16
1991/01/30;6,96
1991/01/31;8,18
1991/02/01;6,3
1991/02/04;6,1
1991/02/05;5,49
1991/02/06;5,57
1991/02/07;6,38
1991/02/08;6,27
1991/02/11;6,37
1991/02/12;6,26
1991/02/13;6,24
1991/02/14;6,37
1991/02/15;6,02
1991/02/18;6,02
1991/02/19;6,24
1991/02/20;7,11
1991/02/21;6,54
1991/02/22;6,27
1991/02/25;6,43
1991/02/26;6,12
1991/02/27;6,26
1991/02/28;6,99
1991/03/01;6,35
1991/03/04;6,36
1991/03/05;6,31
1991/03/06;6,55
1991/03/07;6,46
1991/03/08;6,2
1991/03/11;6,1
1991/03/12;6,03
1991/03/13;5,98
1991/03/14;5,93
1991/03/15;5,96
1991/03/18;6,03
1991/03/19;6,16
1991/03/20;6,67
1991/03/21;6,22
1991/03/22;6,05
1991/03/25;6,08
1991/03/26;6,17
1991/03/27;6,11
1991/03/28;6,14
1991/03/29;5,53
1991/04/01;6,48
1991/04/02;6,46
1991/04/03;6,36
1991/04/04;6,22
1991/04/05;5,92
1991/04/08;5,89
1991/04/09;5,66
1991/04/10;5,75
1991/04/11;5,71
1991/04/12;5,36
1991/04/15;6,04
1991/04/16;6,05
1991/04/17;5,95
1991/04/18;6
1991/04/19;5,89
1991/04/22;5,95
1991/04/23;5,92
1991/04/24;5,89
1991/04/25;5,95
1991/04/26;5,89
1991/04/29;5,93
1991/04/30;5,98
1991/05/01;5,9
1991/05/02;5,86
1991/05/03;5,76
1991/05/06;5,82
1991/05/07;5,79
1991/05/08;5,75
1991/05/09;5,76
1991/05/10;5,69
1991/05/13;5,8
1991/05/14;5,85
1991/05/15;6,01
1991/05/16;5,89
1991/05/17;5,79
1991/05/20;5,82
1991/05/21;5,76
1991/05/22;5,71
1991/05/23;5,69
1991/05/24;5,65
1991/05/27;5,65
1991/05/28;5,99
1991/05/29;5,79
1991/05/30;5,84
1991/05/31;5,92
1991/06/03;5,96
1991/06/04;5,96
1991/06/05;5,88
1991/06/06;5,82
1991/06/07;5,71
1991/06/10;5,83
1991/06/11;5,79
1991/06/12;5,67
1991/06/13;5,79
1991/06/14;5,71
1991/06/17;5,94
1991/06/18;5,82
1991/06/19;5,8
1991/06/20;5,79
1991/06/21;5,75
1991/06/24;5,83
1991/06/25;5,9
1991/06/26;5,73
1991/06/27;5,91
1991/06/28;6,74
1991/07/01;6,38
1991/07/02;6,09
1991/07/03;5,77
1991/07/04;5,77
1991/07/05;5,76
1991/07/08;5,91
1991/07/09;5,82
1991/07/10;5,72
1991/07/11;5,86
1991/07/12;5,8
1991/07/15;5,96
1991/07/16;5,91
1991/07/17;5,82
1991/07/18;5,83
1991/07/19;5,75
1991/07/22;5,81
1991/07/23;5,74
1991/07/24;5,63
1991/07/25;5,82
1991/07/26;5,76
1991/07/29;5,8
1991/07/30;5,75
1991/07/31;5,85
1991/08/01;5,86
1991/08/02;5,72
1991/08/05;5,79
1991/08/06;5,7
1991/08/07;6,29
1991/08/08;5,71
1991/08/09;5,59
1991/08/12;5,66
1991/08/13;5,64
1991/08/14;5,58
1991/08/15;5,77
1991/08/16;5,55
1991/08/19;5,54
1991/08/20;5,57
1991/08/21;6,24
1991/08/22;5,69
1991/08/23;5,55
1991/08/26;5,63
1991/08/27;5,59
1991/08/28;5,52
1991/08/29;5,49
1991/08/30;5,5
1991/09/02;5,5
1991/09/03;5,82
1991/09/04;5,87
1991/09/05;5,67
1991/09/06;5,53
1991/09/09;5,59
1991/09/10;5,53
1991/09/11;5,51
1991/09/12;5,53
1991/09/13;5,31
1991/09/16;5,56
1991/09/17;5,61
1991/09/18;5,43
1991/09/19;5,37
1991/09/20;5,24
1991/09/23;5,32
1991/09/24;5,32
1991/09/25;5,32
1991/09/26;5,4
1991/09/27;5,24
1991/09/30;5,6
1991/10/01;5,4
1991/10/02;5,2
1991/10/03;5,33
1991/10/04;5,16
1991/10/07;5,22
1991/10/08;5,18
1991/10/09;5,15
1991/10/10;5,17
1991/10/11;5,03
1991/10/14;5,03
1991/10/15;5,58
1991/10/16;6,11
1991/10/17;5,33
1991/10/18;5,2
1991/10/21;5,27
1991/10/22;5,25
1991/10/23;5,21
1991/10/24;5,22
1991/10/25;5,21
1991/10/28;5,27
1991/10/29;5,11
1991/10/30;4,44
1991/10/31;5,23
1991/11/01;5,03
1991/11/04;5,09
1991/11/05;5,06
1991/11/06;4,87
1991/11/07;4,8
1991/11/08;4,71
1991/11/11;4,71
1991/11/12;4,89
1991/11/13;4,62
1991/11/14;4,86
1991/11/15;4,98
1991/11/18;4,88
1991/11/19;4,78
1991/11/20;4,74
1991/11/21;4,74
1991/11/22;4,75
1991/11/25;4,89
1991/11/26;4,52
1991/11/27;4,38
1991/11/28;4,38
1991/11/29;4,86
1991/12/02;5
1991/12/03;4,86
1991/12/04;4,71
1991/12/05;4,72
1991/12/06;4,52
1991/12/09;4,52
1991/12/10;4,4
1991/12/11;4,59
1991/12/12;4,57
1991/12/13;4,42
1991/12/16;4,65
1991/12/17;4,5
1991/12/18;4,47
1991/12/19;4,6
1991/12/20;4,11
1991/12/23;4,26
1991/12/24;4,19
1991/12/25;4,19
1991/12/26;4,59
1991/12/27;4,14
1991/12/30;4,12
1991/12/31;4,09
1992/01/01;4,09
1992/01/02;4,61
1992/01/03;4,06
1992/01/06;4,04
1992/01/07;3,67
1992/01/08;4,83
1992/01/09;4,22
1992/01/10;3,96
1992/01/13;3,98
1992/01/14;3,95
1992/01/15;4,04
1992/01/16;3,94
1992/01/17;3,56
1992/01/20;3,56
1992/01/21;4,11
1992/01/22;4,82
1992/01/23;4,15
1992/01/24;3,96
1992/01/27;4,08
1992/01/28;4
1992/01/29;3,93
1992/01/30;4,02
1992/01/31;4,4
1992/02/03;4
1992/02/04;3,83
1992/02/05;4,17
1992/02/06;4,1
1992/02/07;3,89
1992/02/10;3,95
1992/02/11;3,91
1992/02/12;3,9
1992/02/13;4
1992/02/14;4
1992/02/17;4
1992/02/18;4,81
1992/02/19;4,57
1992/02/20;4,1
1992/02/21;3,9
1992/02/24;4,04
1992/02/25;3,97
1992/02/26;3,93
1992/02/27;3,96
1992/02/28;4,13
1992/03/02;4,32
1992/03/03;4,02
1992/03/04;3,86
1992/03/05;4,08
1992/03/06;3,95
1992/03/09;4
1992/03/10;3,87
1992/03/11;3,83
1992/03/12;3,94
1992/03/13;3,85
1992/03/16;4,28
1992/03/17;4,14
1992/03/18;4,4
1992/03/19;4,09
1992/03/20;3,9
1992/03/23;3,98
1992/03/24;3,86
1992/03/25;3,95
1992/03/26;4,07
1992/03/27;3,85
1992/03/30;3,94
1992/03/31;4,07
1992/04/01;4,98
1992/04/02;4,15
1992/04/03;3,97
1992/04/06;3,99
1992/04/07;3,92
1992/04/08;3,87
1992/04/09;3,76
1992/04/10;3,44
1992/04/13;3,74
1992/04/14;3,68
1992/04/15;4,02
1992/04/16;3,78
1992/04/17;3,08
1992/04/20;3,75
1992/04/21;3,83
1992/04/22;3,72
1992/04/23;3,68
1992/04/24;3,63
1992/04/27;3,84
1992/04/28;3,5
1992/04/29;3,62
1992/04/30;3,85
1992/05/01;3,75
1992/05/04;3,8
1992/05/05;3,77
1992/05/06;3,71
1992/05/07;3,74
1992/05/08;3,71
1992/05/11;3,88
1992/05/12;3,75
1992/05/13;4,37
1992/05/14;3,93
1992/05/15;3,96
1992/05/18;3,88
1992/05/19;3,8
1992/05/20;3,75
1992/05/21;3,85
1992/05/22;3,74
1992/05/25;3,74
1992/05/26;4,02
1992/05/27;3,78
1992/05/28;3,87
1992/05/29;3,8
1992/06/01;3,96
1992/06/02;3,89
1992/06/03;3,82
1992/06/04;3,78
1992/06/05;3,61
1992/06/08;3,72
1992/06/09;3,57
1992/06/10;3,96
1992/06/11;3,8
1992/06/12;3,65
1992/06/15;3,88
1992/06/16;3,74
1992/06/17;3,72
1992/06/18;3,71
1992/06/19;3,66
1992/06/22;3,85
1992/06/23;3,7
1992/06/24;3,81
1992/06/25;3,87
1992/06/26;3,67
1992/06/29;3,8
1992/06/30;4,53
1992/07/01;3,89
1992/07/02;3,46
1992/07/03;2,84
1992/07/06;3,15
1992/07/07;3,35
1992/07/08;4,19
1992/07/09;3,46
1992/07/10;3,2
1992/07/13;3,28
1992/07/14;3,25
1992/07/15;3,38
1992/07/16;3,32
1992/07/17;3,12
1992/07/20;3,32
1992/07/21;3,15
1992/07/22;3,4
1992/07/23;3,29
1992/07/24;3,08
1992/07/27;3,29
1992/07/28;3,27
1992/07/29;3,15
1992/07/30;3,17
1992/07/31;3,37
1992/08/03;3,37
1992/08/04;3,28
1992/08/05;3,35
1992/08/06;3,34
1992/08/07;3,2
1992/08/10;3,32
1992/08/11;3,23
1992/08/12;3,22
1992/08/13;3,3
1992/08/14;3,22
1992/08/17;3,54
1992/08/18;3,26
1992/08/19;3,56
1992/08/20;3,37
1992/08/21;3,2
1992/08/24;3,35
1992/08/25;3,29
1992/08/26;3,31
1992/08/27;3,36
1992/08/28;3,28
1992/08/31;3,51
1992/09/01;3,39
1992/09/02;3,21
1992/09/03;3,33
1992/09/04;3,02
1992/09/07;3,02
1992/09/08;3,13
1992/09/09;3,08
1992/09/10;3,06
1992/09/11;3,01
1992/09/14;3,22
1992/09/15;3,2
1992/09/16;4,48
1992/09/17;3,22
1992/09/18;3,02
1992/09/21;3,1
1992/09/22;3,04
1992/09/23;3,06
1992/09/24;3,15
1992/09/25;3,19
1992/09/28;3,45
1992/09/29;3,26
1992/09/30;4,47
1992/10/01;3,58
1992/10/02;3,15
1992/10/05;3,22
1992/10/06;3,1
1992/10/07;3,06
1992/10/08;3,04
1992/10/09;2,97
1992/10/12;2,97
1992/10/13;3,53
1992/10/14;3,96
1992/10/15;3,4
1992/10/16;2,99
1992/10/19;3,05
1992/10/20;2,97
1992/10/21;2,95
1992/10/22;2,96
1992/10/23;2,9
1992/10/26;3,12
1992/10/27;2,91
1992/10/28;3,06
1992/10/29;3,08
1992/10/30;3,04
1992/11/02;3,21
1992/11/03;3,09
1992/11/04;2,98
1992/11/05;2,92
1992/11/06;2,86
1992/11/09;2,98
1992/11/10;2,93
1992/11/11;2,93
1992/11/12;3,04
1992/11/13;2,85
1992/11/16;3,28
1992/11/17;3,06
1992/11/18;2,89
1992/11/19;2,94
1992/11/20;2,9
1992/11/23;2,89
1992/11/24;2,58
1992/11/25;4,6
1992/11/26;4,6
1992/11/27;3,13
1992/11/30;3,45
1992/12/01;3,17
1992/12/02;2,99
1992/12/03;3
1992/12/04;2,86
1992/12/07;2,92
1992/12/08;2,77
1992/12/09;3,3
1992/12/10;3,08
1992/12/11;2,76
1992/12/14;2,99
1992/12/15;3,17
1992/12/16;3,02
1992/12/17;2,97
1992/12/18;2,73
1992/12/21;3,06
1992/12/22;2,97
1992/12/23;3,38
1992/12/24;2,85
1992/12/25;2,85
1992/12/28;3,27
1992/12/29;2,74
1992/12/30;2,6
1992/12/31;2,66
2007/01/02;5,3
2007/01/03;5,28
2007/01/04;5,24
2007/01/05;5,21
2007/01/08;5,23
2007/01/09;5,25
2007/01/10;5,26
2007/01/11;5,27
2007/01/12;5,22
2007/01/16;5,28
2007/01/17;5,25
2007/01/18;5,23
2007/01/19;5,25
2007/01/22;5,24
2007/01/23;5,26
2007/01/24;5,27
2007/01/25;5,31
2007/01/26;5,26
2007/01/29;5,26
2007/01/30;5,23
2007/01/31;5,33
2007/02/01;5,29
2007/02/02;5,24
2007/02/05;5,25
2007/02/06;5,24
2007/02/07;5,23
2007/02/08;5,25
2007/02/09;5,25
2007/02/12;5,28
2007/02/13;5,26
2007/02/14;5,27
2007/02/15;5,29
2007/02/16;5,24
2007/02/20;5,27
2007/02/21;5,23
2007/02/22;5,26
2007/02/23;5,24
2007/02/26;5,3
2007/02/27;5,27
2007/02/28;5,41
2007/03/01;5,31
2007/03/02;5,23
2007/03/05;5,27
2007/03/06;5,22
2007/03/07;5,24
2007/03/08;5,24
2007/03/09;5,24
2007/03/12;5,25
2007/03/13;5,25
2007/03/14;5,27
2007/03/15;5,29
2007/03/16;5,25
2007/03/19;5,26
2007/03/20;5,26
2007/03/21;5,26
2007/03/22;5,27
2007/03/23;5,24
2007/03/26;5,28
2007/03/27;5,25
2007/03/28;5,27
2007/03/29;5,29
2007/03/30;5,3
2007/04/02;5,25
2007/04/03;5,2
2007/04/04;5,21
2007/04/05;5,3
2007/04/06;5,3
2007/04/09;5,28
2007/04/10;5,26
2007/04/11;5,24
2007/04/12;5,27
2007/04/13;5,25
2007/04/16;5,29
2007/04/17;5,2
2007/04/18;5,19
2007/04/19;5,23
2007/04/20;5,25
2007/04/23;5,23
2007/04/24;5,2
2007/04/25;5,19
2007/04/26;5,24
2007/04/27;5,24
2007/04/30;5,29
2007/05/01;5,26
2007/05/02;5,21
2007/05/03;5,24
2007/05/04;5,24
2007/05/07;5,24
2007/05/08;5,21
2007/05/09;5,21
2007/05/10;5,25
2007/05/11;5,27
2007/05/14;5,26
2007/05/15;5,29
2007/05/16;5,25
2007/05/17;5,25
2007/05/18;5,24
2007/05/21;5,24
2007/05/22;5,23
2007/05/23;5,25
2007/05/24;5,24
2007/05/25;5,29
2007/05/29;5,29
2007/05/30;5,25
2007/05/31;5,28
2007/06/01;5,23
2007/06/04;5,24
2007/06/05;5,19
2007/06/06;5,25
2007/06/07;5,25
2007/06/08;5,26
2007/06/11;5,27
2007/06/12;5,26
2007/06/13;5,26
2007/06/14;5,28
2007/06/15;5,26
2007/06/18;5,23
2007/06/19;5,21
2007/06/20;5,27
2007/06/21;5,26
2007/06/22;5,24
2007/06/25;5,29
2007/06/26;5,25
2007/06/27;5,26
2007/06/28;5,26
2007/06/29;5,31
2007/07/02;5,31
2007/07/03;5,24
2007/07/05;5,25
2007/07/06;5,22
2007/07/09;5,22
2007/07/10;5,24
2007/07/11;5,24
2007/07/12;5,26
2007/07/13;5,25
2007/07/16;5,32
2007/07/17;5,28
2007/07/18;5,26
2007/07/19;5,25
2007/07/20;5,25
2007/07/23;5,26
2007/07/24;5,25
2007/07/25;5,32
2007/07/26;5,28
2007/07/27;5,25
2007/07/30;5,29
2007/07/31;5,28
2007/08/01;5,3
2007/08/02;5,24
2007/08/03;5,24
2007/08/06;5,26
2007/08/07;5,26
2007/08/08;5,27
2007/08/09;5,41
2007/08/10;4,68
2007/08/13;4,81
2007/08/14;4,54
2007/08/15;4,71
2007/08/16;4,97
2007/08/17;4,91
2007/08/20;5,03
2007/08/21;4,89
2007/08/22;4,77
2007/08/23;4,88
2007/08/24;5,11
2007/08/27;5,27
2007/08/28;5,3
2007/08/29;5
2007/08/30;5
2007/08/31;4,96
2007/09/04;5,22
2007/09/05;5,18
2007/09/06;4,98
2007/09/07;4,86
2007/09/10;5,07
2007/09/11;5,06
2007/09/12;5,18
2007/09/13;5,09
2007/09/14;5,25
2007/09/17;5,33
2007/09/18;4,92
2007/09/19;4,74
2007/09/20;4,77
2007/09/21;4,76
2007/09/24;4,74
2007/09/25;4,82
2007/09/26;4,88
2007/09/27;4,93
2007/09/28;4,58
2007/10/01;4,92
2007/10/02;4,78
2007/10/03;4,68
2007/10/04;4,74
2007/10/05;4,77
2007/10/09;4,91
2007/10/10;4,52
2007/10/11;4,75
2007/10/12;4,75
2007/10/15;4,81
2007/10/16;4,68
2007/10/17;4,7
2007/10/18;4,69
2007/10/19;4,77
2007/10/22;4,71
2007/10/23;4,67
2007/10/24;4,74
2007/10/25;4,86
2007/10/26;4,8
2007/10/29;4,84
2007/10/30;4,78
2007/10/31;4,6
2007/11/01;4,59
2007/11/02;4,28
2007/11/05;4,29
2007/11/06;4,22
2007/11/07;4,39
2007/11/08;4,58
2007/11/09;4,49
2007/11/13;4,61
2007/11/14;4,6
2007/11/15;4,54
2007/11/16;4,51
2007/11/19;4,51
2007/11/20;4,51
2007/11/21;4,5
2007/11/23;4,56
2007/11/26;4,62
2007/11/27;4,39
2007/11/28;4,53
2007/11/29;4,55
2007/11/30;4,66
2007/12/03;4,52
2007/12/04;4,5
2007/12/05;4,31
2007/12/06;4,49
2007/12/07;4,41
2007/12/10;4,46
2007/12/11;4,29
2007/12/12;4,28
2007/12/13;4,3
2007/12/14;4,24
2007/12/17;4,31
2007/12/18;4,16
2007/12/19;3,98
2007/12/20;4,37
2007/12/21;4,28
2007/12/24;4
2007/12/26;4,26
2007/12/27;4,15
2007/12/28;4,01
2007/12/31;3,06
2008/01/02;4,11
2008/01/03;4,25
2008/01/04;4,18
2008/01/07;4,27
2008/01/08;4,27
2008/01/09;4,26
2008/01/10;4,26
2008/01/11;4,23
2008/01/14;4,24
2008/01/15;4,24
2008/01/16;4,22
2008/01/17;4,23
2008/01/18;4,17
2008/01/22;3,68
2008/01/23;3,43
2008/01/24;3,47
2008/01/25;3,6
2008/01/28;3,5
2008/01/29;3,47
2008/01/30;3,26
2008/01/31;3,22
2008/02/01;3,12
2008/02/04;2,82
2008/02/05;2,71
2008/02/06;2,94
2008/02/07;3,03
2008/02/08;3,05
2008/02/11;2,88
2008/02/12;2,91
2008/02/13;3,02
2008/02/14;3,03
2008/02/15;2,97
2008/02/19;2,94
2008/02/20;3
2008/02/21;3,01
2008/02/22;2,97
2008/02/25;3
2008/02/26;2,85
2008/02/27;2,93
2008/02/28;3,06
2008/02/29;3,01
2008/03/03;3,1
2008/03/04;2,9
2008/03/05;2,93
2008/03/06;2,99
2008/03/07;2,96
2008/03/10;2,99
2008/03/11;2,95
2008/03/12;2,97
2008/03/13;2,98
2008/03/14;2,99
2008/03/17;2,69
2008/03/18;2,16
2008/03/19;2,08
2008/03/20;2,22
2008/03/21;2,08
2008/03/24;2,08
2008/03/25;2,42
2008/03/26;2,3
2008/03/27;2,27
2008/03/28;2,09
2008/03/31;2,51
2008/04/01;2,38
2008/04/02;2,18
2008/04/03;2,19
2008/04/04;2,26
2008/04/07;2,24
2008/04/08;2,23
2008/04/09;2,2
2008/04/10;2,3
2008/04/11;2,37
2008/04/14;2,32
2008/04/15;2,32
2008/04/16;2,35
2008/04/17;2,37
2008/04/18;2,32
2008/04/21;2,28
2008/04/22;1,99
2008/04/23;2,18
2008/04/24;2,26
2008/04/25;2,28
2008/04/28;2,29
2008/04/29;2,21
2008/04/30;2,37
2008/05/01;2,16
2008/05/02;1,88
2008/05/05;1,85
2008/05/06;1,91
2008/05/07;2,01
2008/05/08;1,99
2008/05/09;1,97
2008/05/12;1,88
2008/05/13;1,93
2008/05/14;2,03
2008/05/15;2,03
2008/05/16;1,91
2008/05/19;1,95
2008/05/20;1,99
2008/05/21;2,03
2008/05/22;2,05
2008/05/23;1,99
2008/05/27;2,23
2008/05/28;2,08
2008/05/29;2,01
2008/05/30;1,98
2008/06/02;2,06
2008/06/03;1,95
2008/06/04;1,98
2008/06/05;1,98
2008/06/06;2,01
2008/06/09;2,02
2008/06/10;1,96
2008/06/11;1,95
2008/06/12;2,01
2008/06/13;2,02
2008/06/16;2,06
2008/06/17;1,87
2008/06/18;1,84
2008/06/19;1,94
2008/06/20;1,99
2008/06/23;1,98
2008/06/24;1,93
2008/06/25;1,97
2008/06/26;2,05
2008/06/27;1,99
2008/06/30;2,47
2008/07/01;2,11
2008/07/02;1,95
2008/07/03;1,92
2008/07/07;1,99
2008/07/08;1,97
2008/07/09;1,99
2008/07/10;2,01
2008/07/11;1,97
2008/07/14;2,06
2008/07/15;2,16
2008/07/16;1,95
2008/07/17;2,03
2008/07/18;1,96
2008/07/21;1,98
2008/07/22;1,97
2008/07/23;2,04
2008/07/24;2,06
2008/07/25;2,13
2008/07/28;2
2008/07/29;2,05
2008/07/30;2,03
2008/07/31;2,09
2008/08/01;2,04
2008/08/04;1,97
2008/08/05;1,97
2008/08/06;2,01
2008/08/07;1,96
2008/08/08;2,01
2008/08/11;1,99
2008/08/12;1,95
2008/08/13;1,98
2008/08/14;2,09
2008/08/15;2,08
2008/08/18;1,91
2008/08/19;1,94
2008/08/20;1,98
2008/08/21;2,01
2008/08/22;2,02
2008/08/25;2,01
2008/08/26;1,88
2008/08/27;1,98
2008/08/28;1,99
2008/08/29;1,94
2008/09/02;1,96
2008/09/03;2,01
2008/09/04;1,99
2008/09/05;1,97
2008/09/08;1,92
2008/09/09;1,96
2008/09/10;2,12
2008/09/11;2
2008/09/12;2,1
2008/09/15;2,64
2008/09/16;1,98
2008/09/17;2,8
2008/09/18;2,16
2008/09/19;1,48
2008/09/22;1,51
2008/09/23;1,46
2008/09/24;1,19
2008/09/25;1,23
2008/09/26;1,08
2008/09/29;1,56
2008/09/30;2,03
2008/10/01;1,15
2008/10/02;0,67
2008/10/03;1,1
2008/10/06;1,96
2008/10/07;2,97
2008/10/08;2,24
2008/10/09;1,4
2008/10/10;0,79
2008/10/14;1,1
2008/10/15;1,04
2008/10/16;0,83
2008/10/17;0,6
2008/10/20;0,7
2008/10/21;0,67
2008/10/22;0,81
2008/10/23;0,93
2008/10/24;0,95
2008/10/27;0,92
2008/10/28;0,67
2008/10/29;0,36
2008/10/30;0,3
2008/10/31;0,22
2008/11/03;0,23
2008/11/04;0,23
2008/11/05;0,23
2008/11/06;0,23
2008/11/07;0,27
2008/11/10;0,29
2008/11/12;0,35
2008/11/13;0,35
2008/11/14;0,34
2008/11/17;0,37
2008/11/18;0,38
2008/11/19;0,38
2008/11/20;0,49
2008/11/21;0,57
2008/11/24;0,62
2008/11/25;0,59
2008/11/26;0,53
2008/11/28;0,52
2008/12/01;0,52
2008/12/02;0,47
2008/12/03;0,36
2008/12/04;0,2
2008/12/05;0,12
2008/12/08;0,12
2008/12/09;0,13
2008/12/10;0,11
2008/12/11;0,14
2008/12/12;0,15
2008/12/15;0,18
2008/12/16;0,17
2008/12/17;0,12
2008/12/18;0,11
2008/12/19;0,11
2008/12/22;0,11
2008/12/23;0,11
2008/12/24;0,11
2008/12/26;0,09
2008/12/29;0,1
2008/12/30;0,09
2008/12/31;0,14
2009/01/02;0,08
2009/01/05;0,11
2009/01/06;0,09
2009/01/07;0,11
2009/01/08;0,1
2009/01/09;0,09
2009/01/12;0,1
2009/01/13;0,1
2009/01/14;0,15
2009/01/15;0,18
2009/01/16;0,19
2009/01/20;0,2
2009/01/21;0,23
2009/01/22;0,21
2009/01/23;0,18
2009/01/26;0,19
2009/01/27;0,18
2009/01/28;0,19
2009/01/29;0,23
2009/01/30;0,23
2009/02/02;0,24
2009/02/03;0,24
2009/02/04;0,24
2009/02/05;0,23
2009/02/06;0,23
2009/02/09;0,22
2009/02/10;0,24
2009/02/11;0,22
2009/02/12;0,23
2009/02/13;0,22
2009/02/17;0,25
2009/02/18;0,23
2009/02/19;0,21
2009/02/20;0,2
2009/02/23;0,19
2009/02/24;0,21
2009/02/25;0,21
2009/02/26;0,22
2009/02/27;0,22
2009/03/02;0,22
2009/03/03;0,2
2009/03/04;0,21
2009/03/05;0,2
2009/03/06;0,2
2009/03/09;0,2
2009/03/10;0,2
2009/03/11;0,19
2009/03/12;0,18
2009/03/13;0,15
2009/03/16;0,2
2009/03/17;0,2
2009/03/18;0,18
2009/03/19;0,17
2009/03/20;0,18
2009/03/23;0,17
2009/03/24;0,17
2009/03/25;0,17
2009/03/26;0,16
2009/03/27;0,15
2009/03/30;0,16
2009/03/31;0,16
2009/04/01;0,16
2009/04/02;0,16
2009/04/03;0,13
2009/04/06;0,14
2009/04/07;0,14
2009/04/08;0,14
2009/04/09;0,14
2009/04/10;0,15
2009/04/13;0,13
2009/04/14;0,16
2009/04/15;0,16
2009/04/16;0,15
2009/04/17;0,13
2009/04/20;0,14
2009/04/21;0,15
2009/04/22;0,15
2009/04/23;0,17
2009/04/24;0,16
2009/04/27;0,17
2009/04/28;0,16
2009/04/29;0,18
2009/04/30;0,2
2009/05/01;0,22
2009/05/04;0,22
2009/05/05;0,2
2009/05/06;0,18
2009/05/07;0,18
2009/05/08;0,17
2009/05/11;0,17
2009/05/12;0,16
2009/05/13;0,16
2009/05/14;0,16
2009/05/15;0,17
2009/05/18;0,16
2009/05/19;0,15
2009/05/20;0,14
2009/05/21;0,17
2009/05/22;0,17
2009/05/26;0,18
2009/05/27;0,17
2009/05/28;0,17
2009/05/29;0,19
2009/06/01;0,21
2009/06/02;0,2
2009/06/03;0,21
2009/06/04;0,2
2009/06/05;0,21
2009/06/08;0,21
2009/06/09;0,18
2009/06/10;0,18
2009/06/11;0,17
2009/06/12;0,17
2009/06/15;0,22
2009/06/16;0,22
2009/06/17;0,24
2009/06/18;0,25
2009/06/19;0,25
2009/06/22;0,24
2009/06/23;0,24
2009/06/24;0,21
2009/06/25;0,19
2009/06/26;0,18
2009/06/29;0,17
2009/06/30;0,22
2009/07/01;0,2
2009/07/02;0,17
2009/07/03;0,16
2009/07/06;0,18
2009/07/07;0,18
2009/07/08;0,16
2009/07/09;0,15
2009/07/10;0,15
2009/07/13;0,13
2009/07/14;0,13
2009/07/15;0,14
2009/07/16;0,15
2009/07/17;0,15
2009/07/20;0,15
2009/07/21;0,14
2009/07/22;0,14
2009/07/23;0,15
2009/07/24;0,15
2009/07/27;0,16
2009/07/28;0,15
2009/07/29;0,17
2009/07/30;0,17
2009/07/31;0,18
2009/08/03;0,18
2009/08/04;0,17
2009/08/05;0,17
2009/08/06;0,17
2009/08/07;0,17
2009/08/10;0,17
2009/08/11;0,16
2009/08/12;0,15
2009/08/13;0,15
2009/08/14;0,15
2009/08/17;0,17
2009/08/18;0,17
2009/08/19;0,17
2009/08/20;0,17
2009/08/21;0,16
2009/08/24;0,16
2009/08/25;0,15
2009/08/26;0,15
2009/08/27;0,14
2009/08/28;0,14
2009/08/31;0,15
2009/09/01;0,15
2009/09/02;0,16
2009/09/03;0,15
2009/09/04;0,15
2009/09/08;0,15
2009/09/09;0,15
2009/09/10;0,16
2009/09/11;0,15
2009/09/14;0,16
2009/09/15;0,17
2009/09/16;0,17
2009/09/17;0,16
2009/09/18;0,16
2009/09/21;0,15
2009/09/22;0,15
2009/09/23;0,15
2009/09/24;0,14
2009/09/25;0,13
2009/09/28;0,13
2009/09/29;0,11
2009/09/30;0,07
2009/10/01;0,11
2009/10/02;0,13
2009/10/05;0,13
2009/10/06;0,12
2009/10/07;0,13
2009/10/08;0,12
2009/10/09;0,12
2009/10/13;0,12
2009/10/14;0,12
2009/10/15;0,13
2009/10/16;0,12
2009/10/19;0,12
2009/10/20;0,12
2009/10/21;0,11
2009/10/22;0,11
2009/10/23;0,11
2009/10/26;0,11
2009/10/27;0,11
2009/10/28;0,11
2009/10/29;0,11
2009/10/30;0,11
2009/11/02;0,12
2009/11/03;0,12
2009/11/04;0,13
2009/11/05;0,13
2009/11/06;0,12
2009/11/09;0,12
2009/11/10;0,13
2009/11/12;0,12
2009/11/13;0,12
2009/11/16;0,12
2009/11/17;0,12
2009/11/18;0,11
2009/11/19;0,11
2009/11/20;0,11
2009/11/23;0,12
2009/11/24;0,12
2009/11/25;0,11
2009/11/27;0,12
2009/11/30;0,13
2009/12/01;0,13
2009/12/02;0,13
2009/12/03;0,13
2009/12/04;0,12
2009/12/07;0,12
2009/12/08;0,12
2009/12/09;0,12
2009/12/10;0,12
2009/12/11;0,12
2009/12/14;0,12
2009/12/15;0,13
2009/12/16;0,14
2009/12/17;0,13
2009/12/18;0,12
2009/12/21;0,12
2009/12/22;0,12
2009/12/23;0,11
2009/12/24;0,11
2009/12/28;0,12
2009/12/29;0,12
2009/12/30;0,11
2009/12/31;0,05
2019/07/01;2,39
2019/07/02;2,4
2019/07/03;2,41
2019/07/05;2,42
2019/07/08;2,41
2019/07/09;2,41
2019/07/10;2,41
2019/07/11;2,4
2019/07/12;2,38
2019/07/15;2,4
2019/07/16;2,41
2019/07/17;2,41
2019/07/18;2,41
2019/07/19;2,41
2019/07/22;2,4
2019/07/23;2,4
2019/07/24;2,4
2019/07/25;2,4
2019/07/26;2,4
2019/07/29;2,4
2019/07/30;2,39
2019/07/31;2,4
2019/08/01;2,14
2019/08/02;2,14
2019/08/05;2,13
2019/08/06;2,13
2019/08/07;2,12
2019/08/08;2,12
2019/08/09;2,12
2019/08/12;2,12
2019/08/13;2,12
2019/08/14;2,12
2019/08/15;2,13
2019/08/16;2,13
2019/08/19;2,13
2019/08/20;2,13
2019/08/21;2,12
2019/08/22;2,12
2019/08/23;2,12
2019/08/26;2,12
2019/08/27;2,12
2019/08/28;2,12
2019/08/29;2,12
2019/08/30;2,13
2019/09/03;2,13
2019/09/04;2,13
2019/09/05;2,13
2019/09/06;2,12
2019/09/09;2,13
2019/09/10;2,13
2019/09/11;2,13
2019/09/12;2,13
2019/09/13;2,14
2019/09/16;2,25
2019/09/17;2,3
2019/09/18;2,25
2019/09/19;1,9
2019/09/20;1,9
2019/09/23;1,9
2019/09/24;1,9
2019/09/25;1,9
2019/09/26;1,85
2019/09/27;1,83
2019/09/30;1,9
2019/10/01;1,88
2019/10/02;1,85
2019/10/03;1,83
2019/10/04;1,82
2019/10/07;1,82
2019/10/08;1,82
2019/10/09;1,82
2019/10/10;1,82
2019/10/11;1,82
2019/10/15;1,9
2019/10/16;1,9
2019/10/17;1,85
2019/10/18;1,85
2019/10/21;1,85
2019/10/22;1,85
2019/10/23;1,85
2019/10/24;1,85
2019/10/25;1,83
2019/10/28;1,83
2019/10/29;1,82
2019/10/30;1,82
2019/10/31;1,58
2019/11/01;1,57
2019/11/04;1,56
2019/11/05;1,56
2019/11/06;1,55
2019/11/07;1,55
2019/11/08;1,55
2019/11/12;1,55
2019/11/13;1,55
2019/11/14;1,55
2019/11/15;1,55
2019/11/18;1,55
2019/11/19;1,55
2019/11/20;1,55
2019/11/21;1,55
2019/11/22;1,55
2019/11/25;1,55
2019/11/26;1,55
2019/11/27;1,55
2019/11/29;1,56
2019/12/02;1,56
2019/12/03;1,55
2019/12/04;1,55
2019/12/05;1,55
2019/12/06;1,55
2019/12/09;1,55
2019/12/10;1,55
2019/12/11;1,55
2019/12/12;1,55
2019/12/13;1,55
2019/12/16;1,56
2019/12/17;1,55
2019/12/18;1,55
2019/12/19;1,55
2019/12/20;1,55
2019/12/23;1,55
2019/12/24;1,55
2019/12/26;1,55
2019/12/27;1,55
2019/12/30;1,55
2019/12/31;1,55
2020/01/02;1,55
2020/01/03;1,55
2020/01/06;1,55
2020/01/07;1,55
2020/01/08;1,55
2020/01/09;1,55
2020/01/10;1,54
2020/01/13;1,54
2020/01/14;1,54
2020/01/15;1,54
2020/01/16;1,54
2020/01/17;1,55
2020/01/21;1,55
2020/01/22;1,55
2020/01/23;1,55
2020/01/24;1,55
2020/01/27;1,55
2020/01/28;1,55
2020/01/29;1,55
2020/01/30;1,6
2020/01/31;1,59
2020/02/03;1,59
2020/02/04;1,59
2020/02/05;1,59
2020/02/06;1,59
2020/02/07;1,58
2020/02/10;1,58
2020/02/11;1,58
2020/02/12;1,58
2020/02/13;1,58
2020/02/14;1,58
2020/02/18;1,59
2020/02/19;1,59
2020/02/20;1,59
2020/02/21;1,58
2020/02/24;1,58
2020/02/25;1,58
2020/02/26;1,58
2020/02/27;1,58
2020/02/28;1,58
2020/03/02;1,59
2020/03/03;1,59
2020/03/04;1,09
2020/03/05;1,09
2020/03/06;1,09
2020/03/09;1,09
2020/03/10;1,09
2020/03/11;1,09
2020/03/12;1,1
2020/03/13;1,1
2020/03/16;0,25
2020/03/17;0,25
2020/03/18;0,25
2020/03/19;0,2
2020/03/20;0,15
2020/03/23;0,15
2020/03/24;0,12
2020/03/25;0,1
2020/03/26;0,1
2020/03/27;0,1
2020/03/30;0,09
2020/03/31;0,08
2020/04/01;0,06
2020/04/02;0,05
2020/04/03;0,05
2020/04/06;0,05
2020/04/07;0,05
2020/04/08;0,05
2020/04/09;0,05
2020/04/10;0,05
2020/04/13;0,05
2020/04/14;0,05
2020/04/15;0,05
2020/04/16;0,05
2020/04/17;0,05
2020/04/20;0,05
2020/04/21;0,05
2020/04/22;0,05
2020/04/23;0,04
2020/04/24;0,05
2020/04/27;0,04
2020/04/28;0,04
2020/04/29;0,04
2020/04/30;0,05
2020/05/01;0,05
2020/05/04;0,05
2020/05/05;0,05
2020/05/06;0,05
2020/05/07;0,05
2020/05/08;0,05
2020/05/11;0,05
2020/05/12;0,05
2020/05/13;0,05
2020/05/14;0,05
2020/05/15;0,05
2020/05/18;0,05
2020/05/19;0,05
2020/05/20;0,05
2020/05/21;0,05
2020/05/22;0,05
2020/05/26;0,05
2020/05/27;0,05
2020/05/28;0,05
2020/05/29;0,05
2020/06/01;0,05
2020/06/02;0,06
2020/06/03;0,06
2020/06/04;0,06
2020/06/05;0,07
2020/06/08;0,07
2020/06/09;0,07
2020/06/10;0,08
2020/06/11;0,08
2020/06/12;0,08
2020/06/15;0,09
2020/06/16;0,09
2020/06/17;0,09
2020/06/18;0,09
2020/06/19;0,09
2020/06/22;0,08
2020/06/23;0,08
2020/06/24;0,08
2020/06/25;0,08
2020/06/26;0,08
2020/06/29;0,08
2020/06/30;0,08
2020/07/01;0,08
2020/07/02;0,09
2020/07/03;0,09
2020/07/06;0,09
2020/07/07;0,09
2020/07/08;0,09
2020/07/09;0,09
2020/07/10;0,09
2020/07/13;0,09
2020/07/14;0,09
2020/07/15;0,1
2020/07/16;0,1
2020/07/17;0,09
2020/07/20;0,1
2020/07/21;0,1
2020/07/22;0,09
2020/07/23;0,09
2020/07/24;0,09
2020/07/27;0,1
2020/07/28;0,1
2020/07/29;0,1
2020/07/30;0,1
2020/07/31;0,1
2020/08/03;0,1
2020/08/04;0,1
2020/08/05;0,1
2020/08/06;0,1
2020/08/07;0,1
2020/08/10;0,1
2020/08/11;0,1
2020/08/12;0,1
2020/08/13;0,1
2020/08/14;0,1
2020/08/17;0,1
2020/08/18;0,09
2020/08/19;0,09
2020/08/20;0,09
2020/08/21;0,09
2020/08/24;0,09
2020/08/25;0,09
2020/08/26;0,09
2020/08/27;0,08
2020/08/28;0,09
2020/08/31;0,09
2020/09/01;0,09
2020/09/02;0,09
2020/09/03;0,09
2020/09/04;0,09
2020/09/08;0,09
2020/09/09;0,09
2020/09/10;0,09
2020/09/11;0,09
2020/09/14;0,09
2020/09/15;0,09
2020/09/16;0,09
2020/09/17;0,09
2020/09/18;0,09
2020/09/21;0,09
2020/09/22;0,09
2020/09/23;0,09
2020/09/24;0,09
2020/09/25;0,09
2020/09/28;0,09
2020/09/29;0,09
2020/09/30;0,09
2020/10/01;0,09
2020/10/02;0,09
2020/10/05;0,09
2020/10/06;0,09
2020/10/07;0,09
2020/10/08;0,09
2020/10/09;0,09
2020/10/13;0,09
2020/10/14;0,09
2020/10/15;0,09
2020/10/16;0,09
2020/10/19;0,09
2020/10/20;0,09
2020/10/21;0,09
2020/10/22;0,09
2020/10/23;0,09
2020/10/26;0,09
2020/10/27;0,09
2020/10/28;0,09
2020/10/29;0,09
2020/10/30;0,09
2020/11/02;0,09
2020/11/03;0,09
2020/11/04;0,09
2020/11/05;0,09
2020/11/06;0,09
2020/11/09;0,09
2020/11/10;0,09
2020/11/12;0,09
2020/11/13;0,09
2020/11/16;0,09
2020/11/17;0,09
2020/11/18;0,09
2020/11/19;0,08
2020/11/20;0,08
2020/11/23;0,08
2020/11/24;0,08
2020/11/25;0,08
2020/11/27;0,08
2020/11/30;0,09
2020/12/01;0,09
2020/12/02;0,09
2020/12/03;0,09
2020/12/04;0,09
2020/12/07;0,09
2020/12/08;0,09
2020/12/09;0,09
2020/12/10;0,09
2020/12/11;0,09
2020/12/14;0,09
2020/12/15;0,09
2020/12/16;0,09
2020/12/17;0,09
2020/12/18;0,09
2020/12/21;0,09
2020/12/22;0,09
2020/12/23;0,09
2020/12/24;0,09
2020/12/28;0,09
2020/12/29;0,09
2020/12/30;0,09
2020/12/31;0,09
2021/01/04;0,09
2021/01/05;0,09
2021/01/06;0,09
2021/01/07;0,09
2021/01/08;0,09
2021/01/11;0,09
2021/01/12;0,09
2021/01/13;0,09
2021/01/14;0,09
2021/01/15;0,09
2021/01/19;0,09
2021/01/20;0,09
2021/01/21;0,08
2021/01/22;0,08
2021/01/25;0,08
2021/01/26;0,08
2021/01/27;0,08
2021/01/28;0,07
2021/01/29;0,07
2021/02/01;0,08
2021/02/02;0,08
2021/02/03;0,08
2021/02/04;0,08
2021/02/05;0,08
2021/02/08;0,07
2021/02/09;0,08
2021/02/10;0,08
2021/02/11;0,08
2021/02/12;0,08
2021/02/16;0,08
2021/02/17;0,08
2021/02/18;0,07
2021/02/19;0,07
2021/02/22;0,07
2021/02/23;0,07
2021/02/24;0,07
2021/02/25;0,07
2021/02/26;0,07
2021/03/01;0,07
2021/03/02;0,07
2021/03/03;0,07
2021/03/04;0,07
2021/03/05;0,07
2021/03/08;0,07
2021/03/09;0,07
2021/03/10;0,07
2021/03/11;0,07
2021/03/12;0,07
2021/03/15;0,07
2021/03/16;0,07
2021/03/17;0,07
2021/03/18;0,07
2021/03/19;0,07
2021/03/22;0,07
2021/03/23;0,07
2021/03/24;0,07
2021/03/25;0,07
2021/03/26;0,07
2021/03/29;0,07
2021/03/30;0,07
2021/03/31;0,06
2021/04/01;0,07
2021/04/02;0,07
2021/04/05;0,07
2021/04/06;0,07
2021/04/07;0,07
2021/04/08;0,07
2021/04/09;0,07
2021/04/12;0,07
2021/04/13;0,07
2021/04/14;0,07
2021/04/15;0,07
2021/04/16;0,07
2021/04/19;0,07
2021/04/20;0,07
2021/04/21;0,07
2021/04/22;0,07
2021/04/23;0,07
2021/04/26;0,07
2021/04/27;0,07
2021/04/28;0,07
2021/04/29;0,06
2021/04/30;0,05
2021/05/03;0,06
2021/05/04;0,06
2021/05/05;0,06
2021/05/06;0,06
2021/05/07;0,06
2021/05/10;0,06
2021/05/11;0,06
2021/05/12;0,06
2021/05/13;0,06
2021/05/14;0,06
2021/05/17;0,06
2021/05/18;0,06
2021/05/19;0,06
2021/05/20;0,06
2021/05/21;0,06
2021/05/24;0,06
2021/05/25;0,06
2021/05/26;0,06
2021/05/27;0,06
2021/05/28;0,05
2021/06/01;0,06
2021/06/02;0,06
2021/06/03;0,06
2021/06/04;0,06
2021/06/07;0,06
2021/06/08;0,06
2021/06/09;0,06
2021/06/10;0,06
2021/06/11;0,06
2021/06/14;0,06
2021/06/15;0,06
2021/06/16;0,06
2021/06/17;0,1
2021/06/18;0,1
2021/06/21;0,1
2021/06/22;0,1
2021/06/23;0,1
2021/06/24;0,1
2021/06/25;0,1
2021/06/28;0,1
2021/06/29;0,1
2021/06/30;0,08
2021/07/01;0,1
2021/07/02;0,1
2021/07/06;0,1
2021/07/07;0,1
2021/07/08;0,1
2021/07/09;0,1
2021/07/12;0,1
2021/07/13;0,1
2021/07/14;0,1
2021/07/15;0,1
2021/07/16;0,1
2021/07/19;0,1
2021/07/20;0,1
2021/07/21;0,1
2021/07/22;0,1
2021/07/23;0,1
2021/07/26;0,1
2021/07/27;0,1
2021/07/28;0,1
2021/07/29;0,1
2021/07/30;0,07
2021/08/02;0,1
2021/08/03;0,1
2021/08/04;0,1
2021/08/05;0,1
2021/08/06;0,1
2021/08/09;0,1
2021/08/10;0,1
2021/08/11;0,1
2021/08/12;0,1
2021/08/13;0,1
2021/08/16;0,1
2021/08/17;0,1
2021/08/18;0,09
2021/08/19;0,09
2021/08/20;0,09
2021/08/23;0,09
2021/08/24;0,09
2021/08/25;0,09
2021/08/26;0,09
2021/08/27;0,08
2021/08/30;0,08
2021/08/31;0,06
2021/09/01;0,08
2021/09/02;0,08
2021/09/03;0,08
2021/09/07;0,08
2021/09/08;0,08
2021/09/09;0,08
2021/09/10;0,08
2021/09/13;0,08
2021/09/14;0,08
2021/09/15;0,08
2021/09/16;0,08
2021/09/17;0,08
2021/09/20;0,08
2021/09/21;0,08
2021/09/22;0,08
2021/09/23;0,08
2021/09/24;0,08
2021/09/27;0,08
2021/09/28;0,08
2021/09/29;0,08
2021/09/30;0,06
2021/10/01;0,08
2021/10/04;0,08
2021/10/05;0,08
2021/10/06;0,08
2021/10/07;0,08
2021/10/08;0,08
2021/10/12;0,08
2021/10/13;0,08
2021/10/14;0,08
2021/10/15;0,08
2021/10/18;0,08
2021/10/19;0,08
2021/10/20;0,08
2021/10/21;0,08
2021/10/22;0,08
2021/10/25;0,08
2021/10/26;0,08
2021/10/27;0,08
2021/10/28;0,08
2021/10/29;0,07
2021/11/01;0,08
2021/11/02;0,08
2021/11/03;0,08
2021/11/04;0,08
2021/11/05;0,08
2021/11/08;0,08
2021/11/09;0,08
2021/11/10;0,08
2021/11/12;0,08
2021/11/15;0,08
2021/11/16;0,08
2021/11/17;0,08
2021/11/18;0,08
2021/11/19;0,08
2021/11/22;0,08
2021/11/23;0,08
2021/11/24;0,08
2021/11/26;0,08
2021/11/29;0,08
2021/11/30;0,07
2021/12/01;0,08
2021/12/02;0,08
2021/12/03;0,08
2021/12/06;0,08
2021/12/07;0,08
2021/12/08;0,08
2021/12/09;0,08
2021/12/10;0,08
2021/12/13;0,08
2021/12/14;0,08
2021/12/15;0,08
2021/12/16;0,08
2021/12/17;0,08
2021/12/20;0,08
2021/12/21;0,08
2021/12/22;0,08
2021/12/23;0,08
2021/12/24;0,08
2021/12/27;0,08
2021/12/28;0,08
2021/12/29;0,08
2021/12/30;0,08
2021/12/31;0,07
